DATE,YEAR,LANDOWNER,PERMANENT,SITE_NAME,Site Code,ACRES,PICTURE,DIRECTION,T_WEED1,O_WEED1,FORB1,GRASS1,B_GROUND1,LITTER1,MOSS1,NU_STEM1,HEIGHT1,T_WEED2,O_WEED2,FORB2,GRASS2,B_GROUND2,LITTER2,MOSS2,NU_STEM2,HEIGHT2,T_WEED3,O_WEED3,FORB3,GRASS3,B_GROUND3,LITTER3,MOSS3,NU_STEM3,HEIGHT3,T_WEED4,O_WEED4,FORB4,GRASS4,B_GROUND4,LITTER4,MOSS4,NU_STEM4,HEIGHT4,T_WEED5,O_WEED5,FORB5,GRASS5,B_GROUND5,LITTER5,MOSS5,NU_STEM5,HEIGHT5,T_WEED6,O_WEED6,FORB6,GRASS6,B_GROUND6,LITTER6,MOSS6,NU_STEM6,HEIGHT6,T_WEED7,O_WEED7,FORB7,GRASS7,B_GROUND7,LITTER7,MOSS7,NU_STEM7,HEIGHT7,T_WEED8,O_WEED8,FORB8,GRASS8,B_GROUND8,LITTER8,MOSS8,NU_STEM8,HEIGHT8,T_WEED9,O_WEED9,FORB9,GRASS9,B_GROUND9,LITTER9,MOSS9,NU_STEM9,HEIGHT9,T_WEED10,O_WEED10,FORB10,GRASS10,B_GROUND10,LITTER10,MOSS10,NU_STEM10,HEIGHT10,INSECTS_1,INSECTS_2,INSECTS_3,INSECTS_4,INSECTS_5,INSECTS_6,X_Coord,Y_Coord
5/29/2007,2007,USFS,YES,BALDY PALISADES,BP,4,YES,SE,5,10,5,35,35,10,0,10,30,5,10,5,5,75,0,0,9,35,30,10,5,0,50,5,0,28,45,5,10,10,0,40,35,0,1,10,5,15,5,0,70,5,0,15,20,5,5,5,30,10,45,0,15,25,0,10,15,15,55,15,0,0,0,5,10,5,0,70,10,0,4,25,5,5,70,10,0,10,0,4,15,5,5,5,0,15,70,0,4,30,5,29,14,9,0,0,968231,4821924
6/10/2008,2008,USFS,YES,BALDY PALISADES,BP,1,YES,N,10,0,15,5,20,45,5,12,25,5,15,30,5,40,5,0,5,13,40,5,15,0,35,5,0,33,29,5,5,10,5,45,30,0,2,9,20,5,20,5,35,10,5,27,29,10,0,10,5,15,60,0,13,24,0,5,25,15,30,20,5,0,0,0,10,20,0,20,45,5,0,0,0,0,90,5,0,5,0,0,0,5,5,20,0,20,45,5,2,21,2,3,6,5,9,7,968231,4821924
6/23/2010,2010,USFS,YES,BALDY PALISADES,BP,15,YES,NE,0,40,40,0,15,5,0,0,0,5,20,50,0,20,5,0,5,14,10,10,50,0,25,5,0,13,32,15,5,20,0,45,15,0,11,40,10,5,15,0,60,10,0,11,18,10,5,45,0,20,20,0,17,21,0,5,50,0,40,5,0,0,0,5,10,45,0,20,20,0,3,15,0,5,75,0,0,20,0,0,0,0,15,60,0,20,5,0,0,0,7,14,25,38,33,24,968232,4821910
6/27/2011,2011,PVLA,YES,BALDY PALISADES,BP,4,YES,NW,5,5,5,0,40,45,0,6,24,10,5,5,5,70,5,0,9,47,5,5,10,0,75,5,0,3,32,5,5,10,0,60,20,0,5,35,15,5,0,0,70,10,0,30,41,10,5,10,5,60,10,0,11,28,0,5,15,5,65,10,0,0,0,0,5,50,5,35,5,0,0,0,0,0,80,15,0,5,0,0,0,0,10,40,0,25,25,0,0,0,17,10,14,19,10,27,968234,4821911
6/14/2012,2012,PVLA,YES,BALDY PALISADES,BP,5,YES,NW,0,10,20,10,50,10,0,0,0,10,10,10,0,50,20,0,8,24,5,20,20,0,45,10,0,6,10,0,20,10,0,60,10,0,0,0,5,10,20,0,50,15,0,2,11,5,5,15,0,25,50,0,3,19,0,5,25,10,50,10,0,0,0,0,5,50,10,30,5,0,0,0,0,5,75,10,5,5,0,0,0,0,10,30,10,40,10,0,0,0,10,16,18,12,25,21,968233,4821911
7/31/2013,2013,USFS,YES,BALDY PALISADES,BP,1,YES,NW,0,30,0,0,20,40,0,0,0,5,5,35,0,50,5,0,3,20,5,10,30,0,40,15,0,1,8,0,20,10,0,60,10,0,0,0,0,20,5,0,50,25,0,0,0,0,10,5,0,60,25,0,0,0,0,25,0,5,50,20,0,0,0,0,20,10,5,50,15,0,0,0,0,15,55,5,0,25,0,0,0,0,20,10,0,5,65,0,0,0,0,0,0,0,0,0,968233,4821913
6/6/2014,2014,USFS,YES,BALDY PALISADES,BP,5,YES,NW,0,25,5,5,25,40,0,0,0,0,10,80,5,0,5,0,0,0,0,20,5,0,50,25,0,0,0,0,15,10,10,50,15,0,0,0,0,25,25,0,15,35,0,0,0,0,15,75,0,0,10,0,0,0,0,5,45,10,25,15,0,0,0,0,0,10,35,30,25,0,0,0,0,0,75,10,5,10,0,0,0,0,0,65,10,5,20,0,0,0,14,2,7,16,21,7,968233,4821913
5/29/2015,2015,USFS,YES,BALDY PALISADES,BP,10,YES,SE,0,0,20,15,5,60,0,0,0,0,0,20,20,40,15,5,0,0,0,0,20,20,30,20,10,0,0,0,0,15,5,60,15,5,0,0,0,0,15,5,30,50,0,0,0,0,5,15,0,35,40,5,0,0,0,5,45,0,5,40,5,0,0,5,5,25,0,40,20,5,2,17,0,5,40,5,15,35,0,0,0,0,5,15,0,35,40,5,0,0,14,15,11,8,9,9,968233,4821913
7/8/2009,2009,USFS,YES,BALDY PALISADES,BP,10,YES,N,5,5,30,0,50,10,0,3,30,5,5,10,0,75,5,0,2,26,10,5,15,0,65,5,0,5,34,5,5,15,5,60,10,0,1,34,45,5,5,5,25,15,0,27,54,15,0,10,5,15,55,0,10,50,0,5,20,20,35,20,0,0,0,5,5,20,0,55,15,0,1,26,0,0,85,10,0,5,0,0,0,5,5,10,0,35,45,0,1,33,8,5,7,10,8,9,968231,4821914
7/9/2007,2007,PVLA,YES,BANNOCK,BAN,5,YES,NW,30,10,0,15,0,45,0,18,32,35,0,10,15,0,40,0,18,87,25,10,0,20,5,40,0,10,50,15,0,0,30,0,55,0,5,73,20,0,0,15,40,25,0,8,58,65,0,0,10,0,25,0,15,91,40,0,0,15,10,35,0,23,62,35,0,0,10,10,45,0,18,55,30,0,0,20,10,40,0,13,58,10,20,0,20,15,35,0,2,0,0,0,0,0,0,0,896214,4730749
6/17/2008,2008,PVLA,YES,BANNOCK,BAN,5,YES,NW,40,5,10,5,5,35,0,16,50,35,5,5,5,5,45,0,12,57,25,5,0,5,15,50,0,18,68,55,5,5,5,0,30,0,15,64,15,5,0,5,35,40,0,8,69,30,10,0,5,0,55,0,17,55,20,10,0,10,20,40,0,12,48,65,5,0,5,10,15,0,29,56,45,5,0,5,5,40,0,13,75,35,10,5,15,5,30,0,4,56,1,3,1,2,3,5,896217,4730746
7/8/2008,2008,PVLA,YES,BATTLE CREEK,BATCRK,5,YES,W,5,5,0,70,5,15,0,2,42,30,0,0,60,0,5,5,7,84,0,5,0,25,0,0,70,0,0,10,30,0,0,30,10,20,2,69,0,5,30,25,0,0,40,0,0,30,0,0,10,0,5,55,10,65,10,5,0,5,0,60,10,5,58,20,5,0,5,0,10,60,7,100,5,10,0,0,0,10,75,1,55,0,20,0,60,0,10,10,0,0,0,0,0,0,0,1,916993,4677252
6/2/2009,2009,PVLA,YES,BATTLE CREEK,BATCRK,40,YES,W,5,5,5,5,5,70,5,6,50,5,5,5,10,30,40,5,4,55,5,5,0,10,5,5,70,3,10,5,5,0,5,5,5,75,3,17,0,5,0,10,0,65,20,0,0,5,5,0,5,0,10,75,10,22,5,5,0,10,0,10,70,7,36,5,5,0,5,0,15,70,1,17,5,10,0,0,0,75,10,8,30,0,10,0,5,30,50,5,0,0,20,5,15,5,8,25,916993,4677252
6/24/2010,2010,PVLA,YES,BATTLE CREEK,BATCRK,2,YES,W,5,5,5,10,5,70,0,7,70,5,15,5,5,35,35,0,2,32,5,5,0,30,15,15,30,2,11,5,10,5,5,10,20,45,2,29,0,15,0,10,20,10,45,0,0,5,5,0,20,0,15,55,3,27,5,5,0,40,5,20,25,3,32,5,20,0,5,0,50,20,2,40,10,30,5,5,5,30,15,4,59,0,40,0,0,15,40,5,0,0,6,0,0,2,0,2,916987,4677251
6/8/2011,2011,PVLA,YES,BATTLE CREEK,BATCRK,2,YES,W,5,20,5,30,0,40,0,8,25,5,20,5,0,5,55,10,6,36,0,25,5,25,5,30,10,0,0,5,15,0,10,5,25,40,1,12,0,10,10,30,10,10,30,0,0,10,15,0,5,0,10,60,9,38,5,10,0,25,10,20,30,5,26,5,5,10,20,10,20,30,1,12,30,5,5,10,5,5,40,10,53,0,30,10,10,20,10,20,0,0,23,33,25,39,28,32,916990,4677253
6/13/2012,2012,PVLA,YES,BATTLE CREEK,BATCRK,5,YES,W,15,15,5,30,5,10,20,3,56,10,20,5,10,0,45,10,7,20,0,10,0,25,0,25,40,0,0,0,20,10,20,5,25,20,0,0,5,30,5,5,5,35,15,3,18,10,20,5,0,0,20,45,8,15,5,15,0,20,0,15,45,1,17,10,20,5,10,10,20,25,11,27,5,15,15,10,0,30,25,2,18,0,15,10,10,10,40,15,0,0,18,16,24,25,20,18,916988,4677249
6/16/2008,2008,PVLA,YES,BEAR LAKE,BRLK,5,YES,SW,0,5,30,5,5,55,0,0,0,5,5,50,5,0,35,0,6,30,15,0,5,65,0,15,0,16,48,25,0,5,20,0,50,0,28,59,20,0,15,35,0,30,0,21,56,5,0,5,80,0,10,0,1,17,20,5,10,25,0,50,0,20,58,20,5,5,30,5,35,0,20,49,0,0,15,30,0,55,0,0,0,5,0,5,50,0,40,0,2,11,11,1,4,11,10,5,962579,4665614
6/2/2009,2009,PVLA,YES,BEAR LAKE,BRLK,5,YES,E,0,5,10,15,10,60,0,0,0,5,5,40,15,10,25,0,2,11,5,0,5,80,5,5,0,7,26,10,0,5,50,5,30,0,26,40,10,0,5,30,5,50,0,23,31,5,0,5,60,5,25,0,2,17,15,5,5,20,10,45,0,14,56,15,0,5,70,0,5,0,15,56,0,0,5,60,0,35,0,0,0,5,0,5,40,5,45,0,1,5,35,61,59,45,69,37,962579,4665614
6/25/2010,2010,PVLA,YES,BEAR LAKE,BRLK,2,YES,SW,0,10,5,40,40,5,0,0,0,0,10,5,40,40,5,0,0,0,5,5,0,70,0,20,0,3,25,5,10,20,50,5,10,0,5,19,5,60,5,25,0,5,0,4,13,5,10,0,65,0,20,0,1,15,15,10,5,50,5,15,0,10,45,10,15,0,55,5,15,0,3,44,0,5,0,85,0,10,0,0,0,0,5,0,75,10,10,0,0,0,12,26,24,24,22,31,962581,4665615
6/16/2011,2011,PVLA,YES,BEAR LAKE,BRLK,2,YES,SW,0,20,5,40,30,5,0,0,0,0,15,5,30,40,10,0,0,0,0,10,5,55,0,30,0,0,0,5,15,10,55,5,10,0,3,21,0,10,20,20,0,50,0,0,0,0,15,5,40,5,35,0,0,0,0,40,5,20,5,30,0,0,0,5,10,5,20,0,60,0,4,34,0,0,5,70,0,30,0,0,0,0,5,5,70,0,20,0,0,0,28,32,42,28,40,36,962582,4665616
6/6/2012,2012,PVLA,YES,BEAR LAKE,BRLK,2,YES,W,0,0,0,50,25,25,0,0,0,0,0,5,45,40,10,0,0,0,0,0,0,75,0,25,0,0,0,0,0,0,60,5,40,0,0,0,0,0,0,35,5,60,0,0,0,0,0,0,50,5,45,0,0,0,0,0,0,30,5,65,0,0,0,0,0,0,30,0,70,0,0,0,0,0,0,60,0,40,0,0,0,0,0,0,50,0,50,0,0,0,96,81,107,103,90,107,962582,4665615
6/20/2013,2013,PVLA,YES,BEAR LAKE,BRLK,5,YES,SW,0,35,0,10,20,35,0,0,0,0,30,0,5,20,45,0,0,0,0,20,0,20,0,60,0,0,0,0,35,0,5,0,60,0,0,0,0,20,0,5,0,75,0,0,0,0,25,0,5,0,70,0,0,0,25,0,5,0,70,0,0,0,0,0,40,0,5,10,45,0,0,0,0,5,0,40,0,55,0,0,0,0,10,0,50,0,40,0,0,0,16,22,17,15,10,12,962582,4665617
6/11/2015,2015,PVLA,YES,BEAR LAKE,BRLK,1,YES,,5,5,10,60,10,10,0,6,30,0,10,10,25,50,5,0,0,0,0,5,5,70,10,10,0,0,0,0,5,5,75,10,5,0,0,0,20,0,0,5,65,10,0,25,40,5,5,10,55,20,5,0,4,20,0,10,10,55,20,5,0,0,0,5,5,0,10,60,20,0,3,35,5,0,0,75,0,20,0,2,30,0,0,5,60,10,25,0,0,0,27,18,32,25,20,25,962582,4665617
5/23/2007,2007,OTHER,YES,BIG WOOD,BW,3,YES,S,10,0,0,0,0,90,0,11,35,40,0,0,0,0,60,0,36,50,10,0,5,5,5,75,0,18,35,35,0,0,0,5,60,0,37,45,5,0,5,5,5,80,0,9,30,15,0,0,0,5,80,0,14,40,5,0,5,0,5,85,0,7,35,5,0,5,10,10,70,0,1,10,10,5,5,0,5,75,0,43,20,10,5,5,0,5,75,0,20,40,5,12,16,8,0,0,721555,4815711
6/11/2008,2008,STAT,YES,BIG WOOD,BW,5,YES,E,5,0,0,0,0,95,0,5,26,30,0,5,0,0,65,0,39,40,10,0,5,5,0,80,0,16,29,30,0,5,5,0,60,0,29,41,5,5,5,0,5,80,0,5,28,10,0,0,0,5,85,0,13,33,5,5,0,0,5,85,0,3,4,0,5,5,5,10,75,0,0,0,0,5,5,5,15,70,0,0,0,10,5,5,0,10,70,0,16,27,9,5,10,4,0,6,721548,4815724
5/27/2009,2009,BLM,YES,BIG WOOD,BW,10,YES,SE,0,0,0,5,10,85,0,0,0,5,0,0,5,0,90,0,12,17,5,0,5,5,5,80,0,11,15,10,0,0,0,0,90,0,16,21,5,0,5,0,5,85,0,2,16,15,0,0,0,5,85,0,8,42,5,5,0,0,5,85,0,3,18,0,5,5,5,10,75,0,0,0,5,5,5,5,20,60,0,3,23,15,5,0,0,10,70,0,14,31,14,9,2,3,11,3,721544,4815717
6/30/2010,2010,PVLA,YES,BIG WOOD,BW,10,YES,SW,5,0,5,0,5,90,0,0,0,10,0,5,0,0,85,0,8,63,15,5,5,0,5,75,0,10,69,15,0,0,5,5,75,0,10,71,5,5,30,5,10,45,0,3,35,5,5,15,0,10,65,0,1,17,5,25,0,0,5,65,0,1,9,0,5,5,5,15,70,0,0,0,5,10,5,0,20,60,0,5,24,5,10,5,0,5,75,0,6,43,3,3,0,1,4,2,721553,4815712
6/29/2011,2011,BLM,YES,BIG WOOD,BW,15,YES,S,5,65,0,0,5,25,0,1,44,5,55,0,0,10,30,0,4,45,25,40,0,0,10,25,0,9,58,5,65,5,0,10,15,0,3,23,5,30,5,0,20,45,0,0,0,10,15,5,0,15,55,0,4,54,10,10,5,0,25,50,0,7,26,15,10,0,0,10,65,0,5,55,10,5,0,0,25,60,0,9,52,10,5,0,0,5,80,0,6,75,2,9,12,8,8,5,721560,4815705
5/21/2013,2013,CGOV,YES,BIG WOOD,BW,5,YES,SW,0,5,5,0,5,75,0,0,0,5,5,5,5,10,70,0,4,12,0,5,5,0,5,85,0,0,0,5,5,5,5,5,75,0,1,22,10,5,5,0,35,45,0,6,39,5,5,5,0,25,60,0,6,38,5,5,5,5,10,70,0,6,14,5,5,5,0,0,85,0,5,25,5,5,5,0,5,80,0,8,25,5,5,0,0,0,90,0,4,16,14,22,18,9,37,12,721565,4815706
6/3/2015,2015,CGOV,YES,BIG WOOD,BW,3,YES,SW,0,5,0,5,0,90,0,0,0,0,10,0,5,10,75,0,0,0,5,15,0,0,5,75,0,2,8,5,5,0,0,10,80,0,1,19,10,5,0,0,20,65,0,6,45,5,5,5,0,10,75,0,4,51,0,10,0,0,15,75,0,0,0,5,5,5,0,10,75,0,0,0,5,5,25,0,10,55,0,3,20,5,5,0,0,10,85,0,0,0,19,22,26,15,33,13,721565,4815706
6/14/2012,2012,CGOV,YES,BIG WOOD,BW,0.5,YES,S,0,15,0,0,5,80,0,0,0,5,20,0,0,10,65,0,3,25,0,20,5,0,5,70,0,0,0,5,10,5,5,10,65,0,3,25,15,5,0,5,10,65,0,8,66,5,20,5,0,20,50,0,2,16,10,10,5,0,5,70,0,6,38,5,10,0,0,10,75,0,5,21,5,5,10,0,20,60,0,2,22,5,0,5,0,5,85,0,3,34,29,20,23,28,38,31,721564,4815732
5/29/2014,2014,CGOV,YES,BIG WOOD,BW,2,YES,S,0,0,0,45,0,55,0,0,0,0,0,0,35,5,60,0,0,0,0,0,0,35,0,65,0,0,0,5,0,0,30,0,65,0,3,36,10,0,5,10,0,70,0,3,59,5,0,0,45,20,30,0,0,0,0,0,0,5,10,85,0,0,0,5,0,0,45,10,40,0,0,0,5,0,0,15,10,70,0,3,22,0,0,0,25,10,65,0,0,0,32,15,19,30,7,9,721564,4815732
6/7/2009,2009,BLM,YES,BLACKHAWK BAR,BHB,200,YES,SW,40,5,30,0,0,25,0,7,121,5,25,0,15,0,55,0,3,106,20,20,0,35,5,20,0,7,82,35,25,0,0,0,40,0,6,99,35,15,0,20,0,30,0,6,102,0,30,0,20,0,50,0,0,0,10,15,0,0,0,75,0,3,8,0,75,5,0,0,20,0,0,0,10,65,0,0,0,25,0,3,24,25,55,0,0,0,20,0,8,26,1,5,0,3,2,4,554779,5052537
6/8/2010,2010,BLM,YES,BLACKHAWK BAR,BHB,200,YES,SW,20,50,10,10,0,10,0,10,59,5,40,0,30,0,25,0,6,17,20,60,0,0,0,20,0,4,27,20,30,20,0,0,30,0,7,68,5,40,0,25,10,20,0,1,23,20,50,0,0,5,25,0,15,48,0,30,0,60,0,10,0,0,0,30,50,0,0,0,20,0,27,58,70,20,0,0,5,5,0,12,66,70,25,0,0,0,5,0,27,82,52,56,65,82,74,78,554779,5052537
6/8/2011,2011,BLM,YES,BLACKHAWK BAR,BHB,200,YES,SW,0,50,35,0,0,15,0,0,0,20,60,0,0,5,15,0,19,9,5,70,0,0,5,20,0,4,8,5,75,0,0,5,15,0,1,7,5,50,0,30,0,15,0,5,8,10,70,0,0,5,15,0,7,17,10,50,0,20,5,15,0,8,15,0,70,0,10,0,20,0,0,0,30,50,0,0,5,15,0,13,27,35,45,0,0,0,20,0,11,58,35,57,61,88,72,79,554779,5052537
6/3/2012,2012,BLM,YES,BLACKHAWK BAR,BHB,200,YES,SW,0,20,40,0,0,40,0,0,0,0,80,5,5,0,10,0,0,0,0,90,0,0,0,10,0,0,0,0,60,10,5,0,25,0,0,0,0,25,0,60,0,15,0,0,0,0,55,0,30,0,15,0,0,0,0,45,0,45,0,10,0,0,0,0,70,0,0,5,25,0,0,0,0,75,0,0,5,20,0,0,0,0,100,0,0,0,0,0,0,0,0,6,48,3,21,0,554779,5052537
7/17/2013,2013,BLM,YES,BLACKHAWK BAR,BHB,0,YES,SW,0,100,0,0,0,0,0,0,0,0,95,0,0,5,0,0,0,0,0,85,0,0,15,0,0,0,0,0,100,0,0,0,0,0,0,0,0,95,0,0,5,0,0,0,0,0,95,5,0,0,0,0,0,0,0,100,0,0,0,0,0,0,0,0,100,0,0,0,0,0,0,0,0,100,0,0,0,0,0,0,0,0,85,15,0,0,0,0,0,0,0,0,0,0,0,0,554779,5052537
7/10/2007,2007,PVLA,YES,CARIBOU,CAR,10,YES,S,15,10,0,15,5,55,0,11,42,35,5,0,5,0,55,0,27,39,15,0,0,10,15,60,0,19,45,5,5,0,25,0,55,0,1,14,15,5,0,5,5,70,0,12,30,10,15,0,15,5,55,0,3,16,20,10,0,10,20,40,0,15,28,10,5,0,5,50,30,0,3,35,35,0,10,10,25,20,0,16,68,0,0,80,10,5,5,0,0,0,0,0,0,0,0,0,914495,4744767
6/16/2008,2008,PVLA,YES,CARIBOU,CAR,10,YES,SE,25,5,0,5,5,60,0,21,60,20,0,0,5,0,75,0,23,50,15,5,5,5,45,25,0,27,44,5,5,5,5,15,65,0,5,31,20,5,5,5,25,40,0,37,41,10,5,5,25,0,55,0,10,19,25,5,5,5,10,50,0,17,33,10,5,5,5,65,10,0,9,78,30,0,5,5,10,60,0,17,51,5,0,75,5,5,10,0,1,17,12,0,0,0,0,0,914495,4744767
6/2/2009,2009,PVLA,YES,CARIBOU,CAR,15,YES,S,5,10,0,5,10,70,0,8,56,5,5,0,5,10,75,0,18,30,10,5,5,5,60,15,0,30,37,5,5,5,0,25,55,0,4,24,5,10,5,0,30,45,0,5,12,5,5,10,10,50,10,10,2,22,5,5,5,5,35,45,0,10,25,5,5,5,5,70,10,0,15,72,5,5,5,5,20,60,0,3,17,5,5,45,5,10,30,0,3,20,0,0,0,3,7,4,914495,4744767
6/15/2010,2010,PVLA,YES,CARIBOU,CAR,3,YES,E,40,35,0,0,0,25,0,10,45,40,15,0,0,5,40,0,17,37,30,30,0,0,10,30,0,31,41,5,30,0,0,10,55,0,6,29,20,40,0,0,5,35,0,13,33,5,60,0,0,5,30,0,1,20,10,10,0,0,50,30,0,7,17,15,5,0,0,70,10,0,8,24,15,45,0,0,25,15,0,6,31,5,10,70,0,0,15,0,1,34,1,7,0,1,0,4,914495,4744768
6/21/2011,2011,PVLA,YES,CARIBOU,CAR,1,YES,S,20,0,5,45,0,30,0,18,52,20,0,0,60,0,20,0,10,50,30,10,5,10,5,40,0,38,55,10,30,5,10,5,40,0,7,47,25,45,5,0,5,30,0,18,58,10,50,5,5,0,20,10,20,24,10,15,15,0,10,50,0,9,25,5,5,5,5,60,15,5,7,26,5,60,15,5,5,10,0,4,29,5,15,60,5,5,10,0,4,34,5,1,1,3,4,2,914494,4744767
6/13/2012,2012,PVLA,YES,CARIBOU,CAR,5,YES,S,5,0,5,40,40,45,0,5,28,5,0,5,45,0,45,0,5,29,25,10,5,5,5,50,0,25,46,10,5,5,40,15,25,0,6,32,30,10,5,5,5,45,0,19,38,0,5,5,35,0,50,5,0,0,25,5,25,0,10,35,0,20,30,10,5,5,10,45,25,0,18,31,15,5,10,30,10,30,0,12,32,5,5,50,15,5,20,0,1,31,36,30,29,28,30,24,914494,4744765
6/6/2014,2014,OTHER,YES,CARIBOU,CAR,2,YES,SE,0,10,0,20,0,70,0,0,0,0,5,0,65,5,25,0,0,0,0,5,0,55,5,35,0,0,0,0,0,0,20,5,75,0,0,0,0,15,0,25,5,55,0,0,0,0,0,0,40,10,50,0,0,0,0,5,0,10,75,10,0,0,0,0,40,5,5,15,35,0,0,0,5,10,5,15,45,20,0,0,0,0,10,5,30,35,20,0,0,0,15,27,22,8,19,17,914494,4744765
5/31/2015,2015, ,YES,CARIBOU,CAR,5,YES,S,0,35,0,5,5,55,0,0,0,0,5,0,75,0,20,0,0,0,0,5,0,65,0,30,0,0,0,0,35,0,10,30,25,0,0,0,0,40,0,5,5,50,0,0,0,0,50,0,5,5,40,0,0,0,0,35,5,5,15,40,0,0,0,0,10,0,10,50,30,0,0,0,0,15,5,5,40,35, ,0,0,0,5,0,35,10,50,0,0,0,21,8,17,28,21,27,914494,4744765
6/7/2009,2009,PVLA,YES,CENTER CANYON 01,CC1,1,YES,E,40,10,0,0,30,15,5,15,48,10,30,0,0,30,30,0,2,31,30,25,0,0,25,20,0,12,65,20,25,0,0,20,35,0,6,83,30,15,0,0,30,25,0,6,120,0,30,45,0,15,10,0,0,0,0,15,0,0,75,10,0,0,0,15,15,0,0,60,10,0,4,69,35,10,0,0,50,5,0,12,103,20,15,0,0,55,10,0,9,71,2,1,5,0,2,0,547584,5081014
6/8/2010,2010,PVLA,YES,CENTER CANYON 01,CC1,1,YES,E,75,10,0,0,5,10,0,21,55,20,60,0,0,5,15,0,6,49,60,20,0,0,5,15,0,26,107,30,25,5,0,15,25,0,9,60,25,25,5,0,15,30,0,11,87,20,10,35,0,20,15,0,4,77,15,10,0,0,70,5,0,7,58,10,20,25,0,30,15,0,6,59,20,25,0,0,45,10,0,11,56,25,30,0,0,40,5,0,16,45,38,25,36,20,29,31,547584,5081014
6/8/2011,2011,PVLA,YES,CENTER CANYON 01,CC1,1,YES,E,15,25,40,0,10,10,0,7,29,5,60,5,0,15,15,5,2,14,40,15,10,0,15,20,0,28,41,20,35,10,0,20,15,0,11,47,0,35,35,0,25,5,0,0,0,15,30,20,0,20,15,0,8,23,5,15,25,0,45,10,0,3,18,0,0,70,0,15,15,0,0,0,5,40,0,0,45,10,0,2,11,10,5,45,0,30,10,0,5,13,77,25,79,40,38,56,547584,5081014
6/3/2012,2012,PVLA,YES,CENTER CANYON 01,CC1,1,YES,E,0,45,0,0,20,35,0,0,0,0,70,0,0,0,30,0,0,0,10,40,10,0,15,25,0,5,17,0,65,0,0,15,20,0,0,0,0,60,0,0,30,10,0,0,0,0,35,30,0,20,15,0,0,0,0,15,5,0,65,15,0,0,0,0,20,0,0,45,35,0,0,0,0,45,0,0,40,15,0,0,0,0,20,35,0,30,15,0,0,0,36,49,101,149,250,173,547584,5081014
7/12/2013,2013,PVLA,YES,CENTER CANYON 01,CC1,0,YES,E,0,85,0,0,10,5,0,0,0,0,90,0,0,5,5,0,0,0,0,65,0,0,25,10,0,0,0,0,55,0,0,35,10,0,0,0,0,65,0,0,25,10,0,0,0,0,80,0,0,10,10,0,0,0,0,55,10,0,40,5,0,0,0,0,65,0,0,15,20,0,0,0,0,10,90,0,0,0,0,0,0,0,30,0,0,70,0,0,0,0,0,0,0,0,0,0,547584,5081013
6/7/2009,2009,PVLA,YES,CENTER CANYON 02,CC2,3,YES,E,10,0,75,0,0,15,0,2,63,0,50,0,0,20,25,5,0,0,25,10,0,0,25,40,0,6,97,0,70,0,0,10,20,0,0,0,0,60,5,0,15,20,0,0,0,0,60,10,0,10,20,0,0,0,5,30,15,0,25,25,0,1,42,35,5,10,0,40,10,0,11,98,25,0,30,0,0,45,0,9,116,45,10,30,0,0,15,0,15,81,5,3,2,4,3,3,548322,5080516
6/8/2010,2010,PVLA,YES,CENTER CANYON 02,CC2,3,YES,E,0,0,70,0,10,15,5,0,0,0,15,65,0,5,10,5,0,0,0,35,35,0,10,15,5,0,0,0,50,30,0,0,20,0,0,0,0,70,10,0,10,10,0,0,0,5,35,35,0,10,15,0,2,17,0,35,20,0,20,15,10,0,0,30,20,30,0,0,20,0,19,37,30,20,5,0,5,35,5,8,57,10,15,55,0,0,10,10,7,23,3,2,5,9,8,7,548322,5080516
6/8/2011,2011,PVLA,YES,CENTER CANYON 02,CC2,3,YES,E,0,15,85,0,0,0,0,0,0,0,20,65,0,5,10,0,0,0,0,55,10,0,30,5,0,0,0,0,45,20,0,15,20,0,0,0,0,65,0,0,15,15,5,0,0,10,30,15,0,25,15,5,3,17,0,25,25,0,20,10,20,0,0,20,10,25,0,25,20,0,6,34,25,20,30,0,0,20,5,10,25,10,25,30,0,0,15,20,0,0,39,24,37,24,28,25,548322,5080516
6/4/2012,2012,PVLA,YES,CENTER CANYON 02,CC2,3,YES,E,0,15,50,0,10,15,10,0,0,0,10,80,0,0,10,0,0,0,0,65,15,0,0,20,0,0,0,0,75,0,0,0,25,0,0,0,0,60,0,0,10,30,0,0,0,0,55,5,0,15,25,0,0,0,0,45,5,0,15,25,0,0,0,0,35,5,0,30,30,0,0,0,0,60,10,0,0,30,0,0,0,0,10,65,0,0,15,10,0,0,36,91,35,65,58,42,548322,5080516
7/12/2013,2013,PVLA,YES,CENTER CANYON 02,CC2,0,YES,E,0,65,15,0,15,5,0,0,0,0,65,5,0,25,5,0,0,0,0,65,15,0,15,5,0,0,0,0,65,5,0,20,10,0,0,0,0,25,15,0,55,5,0,0,0,0,50,0,0,40,10,0,0,0,0,45,0,0,45,10,0,0,0,0,60,0,0,30,10,0,0,0,0,20,20,0,45,15,0,0,0,0,50,0,0,40,10,0,0,0,0,0,0,0,0,0,548322,5080515
6/6/2009,2009,PVLA,YES,CENTER CANYON 03,CC3,7,YES,SE,0,20,60,0,10,10,0,0,0,0,40,0,0,15,30,15,3,29,5,45,5,0,10,30,5,10,95,30,0,0,40,20,10,0,0,0,0,40,10,0,15,25,10,6,86,25,45,20,0,5,0,5,3,118,20,15,60,0,0,5,0,1,108,5,10,65,0,0,20,0,0,0,5,15,15,0,35,30,0,2,17,5,25,35,0,15,15,5,2,38,10,1,2,8,7,5,549305,5080306
6/8/2010,2010,PVLA,YES,CENTER CANYON 03,CC3,7,YES,SE,0,20,60,0,10,5,5,0,0,0,70,0,0,20,10,0,0,0,0,30,20,0,20,20,10,0,0,5,0,20,60,5,5,5,2,28,0,10,65,0,15,10,0,0,0,10,5,40,0,25,10,10,3,57,0,20,70,0,0,10,0,0,0,5,10,60,0,0,25,0,2,35,5,10,25,0,15,25,20,3,26,15,35,10,0,20,15,5,4,33,17,16,13,11,12,0,549305,5080306
6/8/2011,2011,PVLA,YES,CENTER CANYON 03,CC3,7,YES,SE,0,25,20,15,10,20,10,0,0,0,45,20,0,5,20,10,0,0,0,15,30,0,15,25,15,0,0,0,70,10,0,5,5,10,0,0,0,15,60,0,15,10,0,0,0,0,10,35,0,25,10,20,0,0,0,20,70,0,0,10,0,0,0,0,5,75,0,5,10,5,0,0,0,10,30,0,10,20,30,0,0,0,15,35,0,10,10,30,0,0,9,0,5,7,23,36,549305,5080306
6/4/2012,2012,PVLA,YES,CENTER CANYON 03,CC3,7,YES,SE,0,20,60,0,0,15,5,0,0,0,35,15,0,5,45,0,0,0,0,35,15,0,20,30,0,0,0,0,30,0,10,0,55,5,0,0,0,25,40,0,20,15,0,0,0,0,25,20,0,30,15,10,0,0,0,40,40,0,0,20,0,0,0,0,5,65,0,0,20,10,0,0,0,20,35,0,10,20,15,0,0,0,30,20,0,15,20,15,0,0,0,0,4,24,126,101,549305,5080306
7/12/2013,2013,PVLA,YES,CENTER CANYON 03,CC3,0,YES,SE,0,55,30,0,5,5,0,0,0,0,85,0,0,10,15,0,0,0,0,30,65,0,5,0,0,0,0,0,45,15,10,20,10,0,0,0,0,50,0,5,45,0,0,0,0,0,10,15,0,65,10,0,0,0,0,10,70,0,10,10,0,0,0,0,5,70,0,10,15,0,0,0,0,5,40,0,40,15,0,0,0,0,30,30,0,30,10,0,0,0,0,0,0,0,0,0,549305,5080305
6/2/2009,2009,BIA,YES,COLD SPRINGS,CLDSP,0,YES,N,20,5,0,20,5,45,5,17,71,10,5,0,25,10,50,5,12,38,0,5,0,15,20,55,5,0,0,5,5,0,35,40,10,5,7,74,15,0,0,20,45,10,10,16,66,5,5,10,15,50,10,5,2,41,20,5,5,35,5,25,5,12,69,5,5,20,15,20,30,5,4,41,5,5,0,30,15,40,5,2,71,5,5,20,20,15,30,5,2,102,4,6,4,13,7,3,535851,5124306
6/25/2010,2010,BIA,YES,COLD SPRINGS,CLDSP,1,YES,SW,10,5,0,80,5,0,0,3,34,0,5,5,70,20,0,0,0,0,0,10,0,60,20,10,0,0,0,15,5,0,40,30,10,0,3,37,0,0,30,50,10,10,0,0,0,10,0,10,15,65,0,0,2,19,15,5,10,50,20,0,0,3,44,10,0,0,60,10,20,0,4,53,10,10,10,40,30,0,0,3,33,60,10,5,5,5,15,0,13,71,2,0,0,1,0,4,535851,5124306
6/6/2011,2011,TRIB,YES,COLD SPRINGS,CLDSP,0,YES,sw,5,10,5,50,15,10,5,4,15,5,15,5,20,10,30,15,1,13,0,20,5,30,15,25,10,0,0,10,10,0,30,25,15,10,5,12,0,10,15,25,15,35,15,0,0,0,5,0,10,70,10,5,0,0,5,10,5,25,20,30,5,3,16,5,5,0,25,10,50,5,3,15,5,15,10,25,10,30,5,4,15,35,25,0,5,5,25,5,21,24,85,56,72,66,59,85,535851,5124306
5/24/2012,2012,TRIB,YES,COLD SPRINGS,CLDSP,,YES,W,0,5,5,40,5,40,5,0,0,0,15,0,30,5,35,15,0,0,0,25,0,15,10,45,5,0,0,5,10,0,15,20,40,10,5,11,5,5,20,10,5,35,20,2,9,0,5,15,10,30,35,5,0,0,5,10,0,25,10,45,5,2,7,0,5,0,10,5,75,5,0,0,0,10,15,35,20,15,5,0,0,25,15,0,5,5,45,5,14,10,10,81,34,26,56,83,535851,5124306
5/31/2013,2013,TRIB,YES,COLD SPRINGS,CLDSP,,YES,NW,0,10,5,10,5,65,5,0,0,0,15,0,10,0,60,15,0,0,0,15,5,10,15,35,20,0,0,0,20,0,10,10,45,15,0,0,0,15,0,5,15,20,45,0,0,0,10,15,5,40,30,0,0,0,0,15,0,25,5,25,30,0,0,0,10,0,25,5,25,5,0,0,0,35,10,15,5,20,25,0,0,5,85,0,5,0,5,0,2,6,25,30,26,18,25,14,535851,5124306
5/19/2014,2014,TRIB,YES,COLD SPRINGS,CLDSP,,YES,,0,5,10,25,0,50,10,0,0,0,15,0,10,5,20,50,0,0,0,15,10,15,25,15,20,0,0,0,15,5,15,20,25,20,0,0,0,5,35,10,15,10,25,0,0,0,5,5,5,40,30,15,0,0,0,10,5,20,10,20,35,0,0,0,5,0,55,0,20,20,0,0,0,10,15,20,15,20,20,0,0,0,50,5,5,10,15,15,0,0,30,15,25,15,28,14,535851,5124306
5/20/2015,2015,TRIB,YES,COLD SPRINGS,CLDSP,,YES,SW,0,5,10,25,0,50,10,0,0,0,10,10,5,10,55,10,0,0,0,10,10,15,15,40,10,0,0,0,5,0,25,5,20,45,0,0,0,5,25,5,30,25,10,0,0,0,5,10,5,60,15,5,0,0,0,10,5,30,5,15,15,0,0,0,15,0,25,0,50,10,0,0,0,10,5,20,40,15,10,0,0,10,15,5,5,20,35,10,6,14,33,56,41,32,28,46,535851,5124306
6/3/2008,2008,BIA,YES,COLD SPRINGS,CLDSP,0.25,YES,SW,10,5,0,70,5,10,0,6,32,5,5,5,40,5,40,0,5,18,0,5,5,50,30,10,0,0,0,5,0,5,25,50,15,0,4,20,5,0,0,25,50,20,0,8,26,5,5,5,25,40,20,0,1,55,10,5,5,50,10,20,0,4,33,0,5,15,60,10,10,0,0,0,10,0,5,25,10,50,0,4,27,5,0,10,40,15,30,0,3,34,0,0,0,0,0,0,535851,5124306
5/21/2009,2009,BLM,YES,COVE RANCH,COVRNH,40,YES,NW,5,10,0,0,70,15,0,5,33,5,10,0,0,65,20,0,6,17,15,10,0,5,45,25,0,16,43,15,5,0,0,70,10,0,20,20,10,5,5,0,70,10,0,26,52,5,10,5,0,70,10,0,2,23,10,20,0,5,45,20,0,10,49,0,15,5,0,70,10,0,0,0,0,5,5,0,85,5,0,0,0,5,10,10,5,50,20,0,4,17,0,0,0,0,0,0,730042,4811350
6/9/2010,2010,BLM,YES,COVE RANCH,COVRNH,400,YES,NW,15,5,0,0,60,10,0,18,39,15,5,0,5,65,10,0,11,38,10,5,0,5,65,15,0,13,68,15,10,0,0,60,10,0,18,31,5,5,0,0,85,5,0,24,46,5,10,0,0,80,5,0,10,22,5,10,0,0,45,40,0,11,37,5,10,5,0,70,10,0,10,14,5,5,5,0,80,5,0,4,16,10,15,15,0,25,35,0,6,39,10,13,22,7,21,19,730052,4811359
6/29/2011,2011,BLM,YES,COVE RANCH,COVRNH,25,YES,NW,10,25,5,0,15,45,0,6,38,20,5,5,0,65,5,0,16,31,20,30,0,0,15,35,0,12,45,25,15,0,0,20,40,0,13,29,15,15,0,0,40,30,0,12,44,5,5,0,0,30,60,0,3,27,10,40,0,0,15,35,0,7,48,5,55,0,0,25,15,0,9,28,15,5,5,0,65,5,5,4,35,15,5,5,0,65,10,0,7,34,12,10,29,18,19,13,730037,4811357
6/20/2012,2012,BLM,YES,COVE RANCH,COVRNH,5,YES,NW,10,30,0,0,45,15,0,8,21,5,60,0,5,10,20,0,8,15,15,15,0,0,60,10,0,9,31,10,30,0,15,25,20,0,10,19,30,10,0,0,45,15,0,18,26,10,10,0,0,45,35,0,9,22,10,10,0,0,25,55,0,3,34,10,10,0,0,15,65,0,8,11,15,20,0,0,25,40,0,9,12,5,5,0,0,85,5,0,0,0,10,14,13,7,3,12,730044,4811350
5/21/2013,2013,BLM,YES,COVE RANCH,COVRNH,20,YES,NW,5,30,5,0,35,25,0,1,9,5,70,0,0,10,15,0,4,13,10,20,5,0,45,20,0,23,11,5,40,0,0,35,20,0,3,10,10,15,0,0,50,25,0,13,9,5,5,0,0,75,15,0,11,16,5,10,0,0,45,40,0,2,11,20,10,0,0,25,45,0,23,20,10,10,5,0,60,15,0,8,22,5,5,0,0,85,5,0,3,14,42,36,47,34,33,44,730042,4811350
6/9/2014,2014,BLM,YES,COVE RANCH,COVRNH,25,YES,N,0,45,0,0,20,35,0,0,0,5,15,0,0,10,70,0,3,19,15,15,0,0,40,30,0,9,39,5,5,0,5,0,30,55,1,12,5,15,0,0,55,25,0,5,22,15,15,0,0,60,10,0,6,34,5,15,0,0,50,30,0,1,15,20,10,0,0,30,40,0,12,29,10,20,0,0,40,30,0,3,45,5,5,0,0,85,5,0,7,30,12,8,17,5,6,4,730042,4811350
6/3/2015,2015,BLM,YES,COVE RANCH,COVRNH,10,YES,NW,5,10,0,0,35,50,0,1,12,0,20,0,5,30,45,0,0,0,15,20,0,0,50,15,0,9,37,5,10,0,10,55,20,0,1,6,5,5,0,0,75,15,0,5,17,5,10,0,5,65,15,0,4,36,0,15,0,5,50,30,0,0,0,15,5,0,0,70,10,0,9,28,5,5,0,0,80,10,0,2,20,10,5,0,0,80,5,0,2,22,12,16,13,15,27,25,730042,4811350
7/2/2008,2008,USFS,YES,CUPRUM,CUP,1,NO,N/A,0,0,30,0,50,20,0,0,0,0,5,35,0,60,0,0,0,0,0,0,30,0,70,0,0,0,0,30,0,15,0,50,5,0,13,61,65,0,5,0,25,5,0,21,41,0,0,0,40,0,60,0,0,0,0,0,90,0,5,5,0,0,0,20,0,35,5,0,40,0,1,16,20,0,45,5,0,30,0,6,48,15,0,15,5,40,25,0,8,15,13,4,14,3,1,1,520173,4990770
6/30/2009,2009,BLM,YES,CUPRUM,CUP,250,YES,N,0,5,75,0,5,20,0,0,0,0,5,15,0,75,5,0,0,0,0,0,10,0,85,5,0,0,0,5,5,15,0,70,5,0,11,36,55,0,10,0,20,15,0,29,39,0,0,0,30,0,70,0,0,0,0,5,85,0,0,10,0,0,0,5,5,10,0,35,45,0,3,10,5,5,45,5,0,40,0,2,13,5,5,5,10,45,30,0,2,15,26,7,10,4,3,9,520167,4990773
7/20/2010,2010,BLM,YES,CUPRUM,CUP,5,YES,N,0,5,70,0,10,15,0,0,0,0,10,5,0,75,10,0,0,0,0,5,5,0,85,5,0,0,0,15,5,5,0,70,5,0,7,35,10,5,30,0,35,20,0,7,33,0,5,5,80,5,5,0,0,0,0,5,85,0,5,5,5,0,0,0,5,30,0,10,55,0,0,0,0,5,45,0,20,30,0,0,0,0,5,5,10,70,10,0,0,0,2,3,10,4,11,7,520170,4990773
6/7/2011,2011,USFS,YES,CUPRUM,CUP,10,YES,se,0,0,25,30,30,15,0,0,0,0,0,25,35,15,25,0,0,0,0,0,60,5,30,5,0,0,0,5,0,90,0,0,5,0,2,23,0,0,60,15,15,10,0,2,23,15,0,50,15,10,10,0,9,15,35,0,15,0,45,5,0,10,23,15,0,20,0,60,5,0,3,25,5,0,45,0,40,10,0,1,7,5,0,25,40,35,0,0,1,7,37,59,65,38,52,39,520173,4990769
6/4/2013,2013,BLM,YES,CUPRUM,CUP,1,YES,NE,0,5,25,0,5,65,0,0,0,0,5,5,0,50,40,0,0,0,0,5,5,0,80,10,0,0,0,0,5,5,0,85,5,0,0,0,5,5,10,0,35,45,0,2,21,0,0,10,55,25,10,0,0,0,0,5,80,0,5,10,0,0,0,5,5,5,5,35,45,0,4,12,0,5,15,20,5,55,0,0,0,0,0,5,5,80,10,0,0,0,28,21,15,0,0,0,520164,4990766
6/11/2014,2014,BLM,YES,CUPRUM,CUP,1,YES,N,0,10,50,0,5,35,0,0,0,0,5,10,0,50,35,0,0,0,0,5,15,0,65,15,0,0,0,5,5,5,0,80,5,0,1,5,10,5,20,5,20,40,0,3,58,0,5,5,50,25,15,0,0,0,0,5,60,5,5,25,0,0,0,15,5,5,15,50,10,0,5,31,0,0,5,35,10,50,0,0,0,0,5,10,10,65,10,0,0,0,13,12,21,24,7,5,520164,4990766
5/21/2015,2015,USFS,YES,CUPRUM,CUP,0.100000001,YES,N,0,5,55,0,5,20,15,0,0,0,5,10,5,70,15,0,0,0,0,5,5,5,70,15,0,0,0,5,5,5,0,75,10,0,0,0,0,5,30,10,20,35,0,0,0,0,5,5,80,5,5,0,0,0,5,5,20,5,10,55,0,1,5,5,5,5,5,35,45,0,0,0,5,5,5,45,5,25,5,1,10,0,5,5,10,65,15,0,0,0,27,24,16,33,36,146,520164,4990766
5/22/2007,2007,USFS,YES,DOTY,DOTY,100,YES,NW,0,30,5,25,25,15,0,0,0,5,35,0,15,25,20,0,2,10,5,20,0,10,45,20,0,1,15,0,35,0,10,45,10,0,0,0,10,10,5,0,60,15,0,13,30,5,5,5,0,80,5,0,4,15,5,20,0,0,70,5,0,1,25,5,10,0,0,80,5,0,3,30,0,25,0,0,70,5,0,0,0,0,75,0,0,15,10,0,0,0,6,9,1,6,0,0,615476,4881437
5/27/2008,2008,BLM,YES,DOTY,DOTY,10,YES,N,0,5,15,20,50,10,0,0,0,5,0,5,15,30,45,0,8,22,15,0,5,15,30,35,0,14,38,0,0,10,20,45,25,0,0,0,20,5,5,5,15,50,0,27,26,10,5,5,5,70,5,0,10,23,5,10,5,5,60,15,0,4,33,35,15,5,0,25,20,0,16,39,0,15,5,0,65,15,0,0,0,5,15,5,0,20,55,0,2,17,7,10,6,26,2,1,615477,4881439
6/3/2009,2009,PVLA,YES,DOTY,DOTY,50,YES,SE,5,5,5,5,40,40,0,3,15,5,5,0,10,40,30,0,15,35,10,5,0,10,70,5,0,9,22,0,15,5,10,50,10,0,0,0,10,20,0,0,20,50,0,9,30,5,5,5,0,80,5,0,5,35,5,5,5,0,80,5,0,6,21,5,30,5,0,30,30,0,5,31,5,10,5,0,75,5,0,7,27,5,10,5,0,60,20,0,1,6,10,14,12,16,25,13,615477,4881439
6/23/2010,2010,PVLA,YES,DOTY,DOTY,10,YES,SE,0,25,15,10,35,15,0,0,0,5,15,0,15,50,15,0,14,29,5,20,0,30,25,20,0,5,42,0,45,5,5,35,10,0,0,0,5,55,10,0,10,20,0,5,52,0,5,15,5,60,15,0,0,0,5,75,5,5,5,5,0,2,12,10,75,5,0,5,5,0,7,21,25,15,5,0,45,10,0,8,53,5,80,5,0,5,5,0,5,22,6,7,11,7,4,6,615478,4881437
6/30/2011,2011,PVLA,YES,DOTY,DOTY,15,YES,W,5,5,10,20,20,30,0,3,13,10,5,5,20,10,50,0,12,47,5,5,5,30,15,40,0,3,16,20,10,20,5,5,40,0,5,65,5,5,55,0,5,30,0,1,78,5,5,15,0,60,15,0,1,33,10,15,20,5,10,40,0,5,49,10,15,35,5,15,20,0,4,55,15,10,30,0,10,35,0,5,42,10,5,40,0,10,35,0,3,39,23,17,26,20,16,23,615476,4881437
6/8/2012,2012,PVLA,YES,DOTY,DOTY,10,YES,S,0,10,10,60,5,15,0,0,0,5,5,15,30,15,30,0,10,19,0,5,15,35,20,25,0,0,0,10,25,10,15,10,30,0,3,34,5,30,40,5,0,15,0,4,32,0,10,20,0,30,40,0,0,0,10,40,15,0,15,20,0,3,36,5,15,55,0,10,15,0,1,13,5,20,10,0,10,55,0,0,0,10,10,25,0,25,30,0,6,24,16,23,12,36,21,22,615478,4881439
5/30/2013,2013,PVLA,YES,DOTY,DOTY,10,YES,N,0,5,5,20,50,20,0,0,0,10,5,5,20,20,40,0,15,17,0,5,5,20,35,35,0,0,0,10,10,5,5,25,45,0,7,15,5,10,20,5,10,50,0,1,21,0,10,10,0,10,70, ,0,0,0,20,20,0,15,45,0,0,0,5,10,5,0,40,40,0,1,12,15,10,10,0,55,10,0,15,16,5,15,10,5,20,45,0,2,13,58,34,41,55,43,51,615473,4881444
6/3/2014,2014,PVLA,YES,DOTY,DOTY,15,YES,W,0,5,0,45,15,35,0,0,0,5,5,5,20,30,35,0,4,12,0,5,10,20,45,20,0,0,0,5,30,5,10,20,30,0,3,30,0,15,20,5,35,25,0,0,0,0,5,15,0,30,50,0,0,0,0,15,15,5,30,35,0,0,0,0,15,25,0,20,40,0,0,0,5,20,10,0,45,20,0,2,22,5,20,25,0,15,35,0,2,28,22,14,25,10,17,18,615473,4881444
6/8/2015,2015,PVLA,YES,DOTY,DOTY,10,YES,NW,0,0,0,30,30,40,0,0,0,5,5,5,20,50,15,0,3,19,5,5,5,20,60,5,0,0,0,5,10,5,10,60,10,0,4,18,10,10,5,5,55,15,0,4,55,0,20,10,0,55,15,0,0,0,0,15,15,10,45,15,0,0,0,0,5,25,5,55,10,0,0,0,0,30,5,0,55,10,0,0,0,10,20,30,0,15,25,0,3,49,32,27,29,40,36,35,615473,4881444
7/9/2007,2007,PVLA,YES,DOWNY,DOWN,10,YES,NW,0,5,90,0,5,0,0,0,0,0,5,0,0,70,15,0,0,0,0,0,0,15,80,5,0,0,0,0,0,0,75,10,15,0,0,0,0,0,20,0,60,20,0,0,0,0,0,0,45,5,50,0,0,0,0,0,0,10,75,15,0,0,0,0,0,0,0,70,30,0,0,0,0,0,0,35,55,10,0,0,0,0,0,0,0,40,60,0,0,0,0,0,0,0,0,0,910838,4707467
6/2/2009,2009,PVLA,YES,DOWNY,DOWN,30,YES,E,0,0,5,0,5,90,0,0,0,0,0,5,0,90,5,0,0,0,0,0,5,5,80,10,0,0,0,0,0,5,20,15,60,0,0,0,0,0,5,0,80,15,0,0,0,0,0,0,5,50,45,0,0,0,5,0,5,5,80,10,0,8,25,0,0,10,0,85,5,0,0,0,0,0,5,20,65,10,0,0,0,0,0,20,0,75,5,0,0,0,0,0,3,1,1,0,910838,4707467
5/20/2015,2015,STAT,YES,FARRAGUT WATER TOWER,FARTOW,10,YES,N,0,20,0,5,5,10,60,0,0,0,15,0,5,0,5,75,0,0,0,10,5,5,0,65,15,0,0,5,10,5,5,5,15,60,0,0,0,15,5,5,0,30,45,0,0,10,5,5,5,0,25,50,8,10,5,10,5,5,0,30,45,5,5,0,5,0,20,0,45,30,0,0,5,10,0,5,0,40,40,7,9,0,10,5,15,0,60,10,0,0,86,78,90,44,43,77,529832,5312043
5/23/2014,2014,STAT,YES,FARRAGUT WATER TOWER,FARTOW,10,YES,N,0,20,0,5,5,5,65,0,0,0,20,5,5,5,5,60,0,0,0,15,5,5,10,10,55,0,0,5,5,5,5,10,10,60,1,15,0,0,10,10,5,15,60,0,0,5,10,10,20,0,25,30,2,15,5,0,20,20,0,20,35,6,20,0,0,5,35,0,35,25,0,0,5,0,30,20,0,20,25,2,8,0,0,55,25,0,15,5,0,0,49,34,37,46,66,54,529832,5312043
7/3/2008,2008,STAT,YES,FARRAGUT WATER TOWER,FARTOW,10,YES,N,5,5,0,5,5,10,70,3,95,0,10,5,0,5,5,75,0,0,5,5,5,5,10,15,55,2,66,0,5,5,5,10,25,50,0,0,5,0,20,0,5,20,50,2,61,5,5,10,5,5,10,60,4,63,0,5,5,5,0,20,65,0,0,0,30,0,5,0,10,55,0,0,0,5,30,5,0,10,50,0,0,25,20,0,5,10,5,35,2,106,0,0,0,0,0,0,529832,5312043
5/27/2009,2009,IDPR,YES,FARRAGUT WATER TOWER,FARTOW,10,YES,N,5,15,5,0,10,15,50,1,35,5,5,0,5,20,5,60,3,25,5,5,5,5,10,20,50,2,23,0,5,5,5,15,20,50,0,0,5,5,5,5,0,20,60,1,8,5,25,5,5,0,20,40,3,17,5,10,5,5,0,25,50,3,16,0,25,5,10,0,15,45,0,0,0,20,5,10,0,20,45,0,0,10,10,5,5,5,10,55,4,35,0,0,0,0,0,0,529832,5312043
5/24/2010,2010,STAT,YES,FARRAGUT WATER TOWER,FARTOW,10,YES,N,0,25,5,10,0,10,50,0,0,5,10,5,10,5,5,60,3,15,5,20,5,10,15,20,25,2,6,5,5,5,5,10,5,65,2,3,5,5,5,10,0,25,50,1,8,5,10,10,5,0,15,55,1,13,5,15,5,5,0,15,55,3,7,0,25,5,5,0,20,45,0,0,0,20,10,10,0,5,55,0,0,5,25,5,20,5,15,25,1,20,0,0,0,0,0,0,529832,5312043
7/6/2011,2011,STAT,YES,FARRAGUT WATER TOWER,FARTOW,10,YES,n,0,15,5,5,5,25,45,0,0,5,10,5,5,5,5,65,2,10,0,5,0,5,5,15,70,0,0,0,0,0,5,20,20,55,0,0,0,5,0,10,5,30,50,0,0,0,5,0,30,0,40,25,0,0,0,5,5,5,5,25,55,0,0,0,5,0,25,5,50,15,0,0,0,5,5,5,0,40,45,0,0,0,0,0,5,5,50,40,0,0,11,6,14,7,12,10,529832,5312043
6/7/2012,2012,STAT,YES,FARRAGUT WATER TOWER,FARTOW,10,YES,N,0,25,0,5,0,15,55,0,0,0,10,5,5,0,10,70,0,0,5,5,5,10,0,20,55,2,20,5,0,5,10,15,10,55,2,25,5,0,5,20,5,15,50,5,18,0,0,0,25,0,25,50,0,0,0,0,0,20,0,30,50,0,0,0,0,0,45,0,25,30,0,0,5,0,5,25,0,25,40,1,49,5,0,5,20,0,50,20,1,26,11,7,7,5,7,4,529832,5312043
5/31/2013,2013,STAT,YES,FARRAGUT WATER TOWER,FARTOW,10,YES,N,0,25,0,5,5,15,50,0,0,0,15,5,5,0,10,65,0,0,0,10,5,5,5,20,55,0,0,5,5,5,10,15,25,35,5,18,10,0,0,15,0,25,50,11,16,5,5,5,15,0,25,45,1,8,0,0,5,10,0,45,40,0,0,0,0,5,35,0,40,20,0,0,5,5,5,25,0,25,35,9,16,0,0,5,25,0,20,50,0,0,37,49,31,31,25,32,529832,5312043
6/8/2009,2009,USFS,YES,HAMMER CREEK,HAM,30,YES,NW,10,5,0,10,20,55,0,29,45,0,10,15,15,60,0,0,0,0,25,5,0,0,35,35,0,64,64,40,0,0,5,40,15,0,65,35,5,0,5,5,55,25,0,14,32,5,0,0,25,35,35,0,1,12,35,0,0,0,50,15,0,52,60,5,5,0,0,65,25,0,44,39,10,5,5,0,35,40,0,36,25,5,5,0,0,35,55,0,35,20,2,13,12,20,19,17,694842,4970039
6/9/2010,2010,USFS,YES,HAMMER CREEK,HAM,20,0,N,0,0,0,0,0,0,0,0,0,0,0,0,0,0,0,0,0,0,0,0,0,0,0,0,0,0,0,0,0,0,0,0,0,0,0,0,0,0,0,0,0,0,0,0,0,0,0,0,0,0,0,0,0,0,0,0,0,0,0,0,0,0,0,0,0,0,0,0,0,0,0,0,0,0,0,0,0,0,0,0,0,0,0,0,0,0,0,0,0,0,9,14,5,6,13,8,694840,4970044
7/19/2011,2011,USFS,YES,HAMMER CREEK,HAM,30,YES,n,5,10,5,0,5,75,0,1,24,25,5,0,10,5,55,0,13,66,5,5,5,50,10,25,0,4,52,20,5,5,5,10,55,0,11,100,15,5,5,5,15,55,0,13,36,10,0,5,0,20,65,0,32,62,5,0,5,5,20,65,0,7,91,10,5,5,0,10,70,0,14,42,15,5,0,0,60,20,0,19,51,15,5,5,0,60,15,0,13,36,18,19,19,10,6,17,694840,4970044
5/29/2012,2012,USFS,YES,HAMMER CREEK,HAM,30,YES,N,0,0,0,0,10,90,0,0,0,0,0,0,0,10,90,0,0,0,0,0,0,0,15,85,0,0,0,0,0,0,5,15,80,0,0,0,0,0,0,5,25,60,10,0,0,0,0,0,0,70,30,0,0,0,0,0,0,10,70,15,5,0,0,0,0,0,0,60,40,0,0,0,0,0,0,0,90,10,0,0,0,0,0,0,0,90,10,0,0,0,60,44,11,26,51,27,694837,4970035
5/30/2013,2013,USFS,YES,HAMMER CREEK,HAM,34,YES,NW,0,5,10,0,10,70,5,0,0,0,5,10,0,10,70,5,0,0,0,5,5,25,15,45,5,0,0,0,5,5,10,20,55,5,0,0,0,5,5,15,40,15,20,0,0,0,5,5,5,60,20,5,0,0,0,0,5,20,50,20,5,0,0,0,5,5,0,30,60,0,0,0,0,5,5,0,45,45,0,0,0,0,5,5,0,50,40,0,0,0,0,0,0,0,0,0,694838,4970038
6/9/2007,2007,CGOV,YES,HAYDEN,HAY,5,YES,W,0,20,5,0,15,60,0,0,0,5,5,10,30,10,40,0,1,29,15,15,0,30,20,20,0,3,43,5,10,0,10,10,65,0,1,21,0,25,0,15,15,45,0,0,0,15,15,0,10,15,45,0,3,81,25,25,0,5,15,30,0,6,89,0,20,0,0,20,60,0,0,0,0,15,0,5,25,55,0,0,0,10,20,0,5,20,45,0,2,82,0,0,0,0,0,0,501721,5289600
6/5/2008,2008,CGOV,YES,HAYDEN,HAY,5,YES,E,35,0,0,20,10,20,15,21,75,5,0,10,25,5,25,30,2,21,15,0,5,10,5,60,5,24,58,60,0,10,10,5,10,5,33,74,5,5,5,10,20,30,25,2,12,30,5,5,15,5,20,20,15,77,5,5,5,30,10,15,30,3,15,0,5,5,25,5,20,40,0,0,15,10,5,30,10,15,15,10,47,25,0,5,30,5,10,25,13,92,4,0,3,0,6,2,501721,5289600
5/27/2009,2009,IDT,YES,HAYDEN,HAY,5,YES,E,0,0,0,15,5,65,15,0,0,0,0,5,25,5,35,30,0,0,25,0,5,25,5,35,5,15,77,5,0,5,10,0,45,35,7,40,5,0,10,10,0,15,60,3,25,5,0,15,10,0,30,40,3,15,5,0,5,10,0,35,45,3,23,5,5,5,5,5,20,55,60,30,5,5,10,5,0,15,60,3,15,5,0,5,5,5,60,20,2,20,28,33,21,22,18,20,501721,5289600
5/24/2010,2010,DOT,YES,HAYDEN,HAY,5,YES,E,0,0,5,30,5,55,5,0,0,0,0,5,35,10,40,10,0,0,0,0,15,25,25,30,5,0,0,0,0,5,30,10,30,25,0,0,0,0,5,30,5,20,40,0,0,0,0,10,25,5,35,25,0,0,0,0,5,20,5,5,65,0,0,0,0,5,10,0,10,75,0,0,0,0,5,10,0,25,60,0,0,0,0,5,15,0,20,60,0,0,47,42,76,85,44,113,501721,5289600
5/30/2014,2014,ROW,YES,HAYDEN,HAY,5,YES,E,0,25,0,5,0,20,50,0,0,5,20,5,5,0,15,50,1,15,5,15,5,5,0,30,40,1,10,0,35,5,5,0,15,40,0,0,0,45,5,10,0,10,40,0,0,0,40,0,5,0,20,35,0,0,0,35,0,5,0,15,45,0,0,0,15,5,5,5,20,50,0,0,0,60,0,0,0,15,25,0,0,0,20,5,5,0,15,55,0,0,18,34,26,36,43,51,501721,5289600
5/21/2015,2015,CGOV,YES,HAYDEN,HAY,5,YES,E,5,30,5,5,10,15,30,1,12,5,25,5,0,0,20,45,1,33,0,30,5,0,0,15,50,0,0,0,45,5,5,0,10,35,0,0,0,30,5,5,0,20,40,0,0,0,25,0,0,0,20,55,0,0,0,45,5,0,5,10,35,0,0,0,20,5,5,5,15,50,0,0,5,30,5,0,10,20,30,1,20,0,20,0,0,0,10,70,0,0,14,54,82,78,53,72,501721,5289600
7/1/2011,2011,CGOV,YES,HAYDEN,HAY,5,YES,e,0,5,0,30,5,60,5,0,0,0,0,5,15,5,40,35,0,0,0,0,5,15,15,50,15,0,0,0,0,5,25,20,25,25,0,0,0,0,5,20,0,55,20,0,0,0,0,5,20,0,55,20,0,0,0,5,5,20,0,30,40,0,0,0,0,5,10,5,15,65,0,0,0,0,5,40,5,30,20,0,0,0,0,5,20,0,35,40,0,0,1,0,0,3,0,0,501721,5289600
6/7/2012,2012,CGOV,YES,HAYDEN,HAY,5,YES,E,0,5,15,5,0,65,10,0,0,0,5,10,5,0,55,25,0,0,0,0,30,5,0,55,10,0,0,0,5,20,15,0,45,15,0,0,0,5,15,15,0,50,15,0,0,0,5,10,10,0,45,30,0,0,0,0,5,5,0,15,75,0,0,0,0,25,10,5,30,30,0,0,0,0,25,10,0,25,40,0,0,0,0,15,5,0,15,65,0,0,0,0,0,0,0,0,501721,5289600
6/3/2013,2013,CGOV,YES,HAYDEN,HAY,5,YES,E,5,30,5,5,5,15,35,1,18,5,35,5,5,5,10,35,3,16,0,15,10,15,5,35,20,0,0,0,30,5,5,0,20,40,0,0,0,40,5,10,0,30,15,0,0,5,20,5,25,0,40,10,2,15,0,30,5,5,0,20,40,0,0,0,10,10,10,5,30,35,0,0,0,50,5,0,0,15,30,0,0,0,5,15,10,0,20,60,0,0,42,27,6,17,34,23,501721,5289600
5/22/2007,2007,USFS,YES,HELISPOT,HELI,200,YES,N,5,5,5,40,40,5,0,4,40,0,5,25,15,45,10,0,0,0,5,0,5,10,75,5,0,3,15,5,5,10,5,70,5,0,1,10,5,5,15,5,40,30,0,3,15,5,5,5,30,45,10,0,2,25,5,5,15,25,30,20,0,5,25,0,5,20,45,10,20,0,0,0,0,5,0,30,45,20,0,0,0,10,5,0,15,60,10,0,12,20,10,8,16,14,0,0,613183,4880984
5/27/2008,2008,USFS,YES,HELISPOT,HELI,100,YES,NE,5,5,10,5,70,5,0,1,7,0,5,25,5,60,5,0,0,0,0,5,0,5,90,5,0,0,0,0,5,10,10,75,5,0,0,0,5,5,10,5,55,20,0,2,15,0,5,0,10,80,5,0,0,0,0,5,15,5,65,10,0,0,0,0,0,30,30,35,5,0,0,0,0,5,0,5,85,5,0,0,0,10,5,0,5,70,10,0,13,14,2,3,9,2,10,5,613185,4880984
6/3/2009,2009,USFS,YES,HELISPOT,HELI,30,YES,E,0,5,5,5,80,5,0,0,0,0,5,5,5,80,5,0,0,0,0,0,0,5,90,5,0,0,0,0,0,15,10,70,5,0,0,0,0,0,30,5,60,5,0,0,0,0,5,5,5,80,5,0,0,0,5,0,5,5,75,10,0,4,22,0,0,25,15,5,55,0,0,0,0,5,0,10,75,10,0,0,0,5,5,5,5,55,25,0,7,25,29,15,20,26,29,40,613184,4880984
6/29/2010,2010,USFS,YES,HELISPOT,HELI,25,YES,N,0,20,15,0,50,15,0,0,0,0,15,45,0,15,25,0,0,0,0,5,5,5,75,10,0,0,0,0,15,20,0,30,35,0,0,0,5,5,35,0,10,45,0,1,41,5,5,20,20,25,25,0,2,22,0,15,25,5,15,40,0,0,0,0,5,70,5,15,5,0,0,0,0,20,5,5,25,45,0,0,0,5,5,5,5,45,35,0,2,14,1,16,18,7,3,4,613183,4880984
6/30/2011,2011,USFS,YES,HELISPOT,HELI,5,YES,E,0,10,5,0,20,65,0,0,0,0,5,25,0,25,45,0,0,0,0,5,30,5,45,15,0,0,0,0,0,20,15,55,10,0,0,0,5,5,25,5,35,25,0,1,20,5,5,20,25,25,20,0,1,25,0,5,25,5,20,45,0,0,0,0,5,85,5,0,5,0,0,0,0,5,5,10,25,55,0,0,0,0,5,10,5,40,40,0,0,0,9,4,7,1,3,3,613183,4880985
6/8/2012,2012,USFS,YES,HELISPOT,HELI,1,YES,N,0,10,5,0,50,30,5,0,0,0,5,30,0,35,25,0,0,0,0,5,5,0,75,15,0,0,0,0,5,15,25,30,25,0,0,0,5,5,35,5,20,30,0,1,9,5,5,5,10,30,45,0,3,27,0,5,25,0,25,40,5,0,0,0,5,40,30,10,15,0,0,0,0,5,5,5,15,65,5,0,0,0,5,5,5,30,55,0,0,0,12,13,7,9,4,2,613186,4880985
5/30/2013,2013,USFS,YES,HELISPOT,HELI,1,YES,NE,0,5,25,15,40,10,5,0,0,0,5,30,10,15,35,5,0,0,0,5,5,10,60,20, ,0,0,0,5,20,20,15,40,0,0,0,5,5,10,15,10,55,0,1,7,5,5,5,10,35,35,5,1,14,0,5,15,20,20,35,5,0,0,0,5,20,20,25,25,5,0,0,0,5,5,10,25,50,5,0,0,0,5,10,10,35,35,5,0,0,2,7,11,6,4,18,613185,4880984
6/3/2014,2014,USFS,YES,HELISPOT,HELI,2,YES,NW,0,5,15,0,30,40,10,0,0,0,5,30,5,30,30,0,0,0,0,5,5,5,75,10,0,0,0,0,0,15,45,15,25,0,0,0,5,5,15,25,20,30,0,1,17,5,5,10,20,25,35,0,2,28,0,5,10,35,20,30,0,0,0,0,0,75,5,10,10,0,0,0,0,5,5,5,30,55,0,0,0,0,5,10,5,35,45,0,0,0,16,19,11,5,17,24,613185,4880984
6/8/2015,2015,USFS,YES,HELISPOT,HELI,5,YES,N,0,5,80,0,10,5,0,0,0,0,5,60,0,30,5,0,0,0,0,5,10,0,80,5,0,0,0,0,0,30,10,20,40,0,0,0,5,0,25,10,25,35,0,2,28,25,0,5,15,35,20,0,5,83,0,0,40,15,15,40,0,0,0,0,0,75,5,10,10,0,0,0,0,5,5,5,35,50,0,0,0,0,5,15,5,35,40,0,0,0,10,5,11,12,7,22,613185,4880984
5/22/2007,2007,USFS,YES,HUCK,HUCK,7,YES,SE,10,40,5,0,15,30,0,4,25,0,25,5,5,20,45,0,0,0,5,10,5,10,15,55,0,2,25,5,10,50,0,10,25,0,4,20,15,10,10,5,20,40,0,5,40,5,5,30,5,35,20,0,4,25,5,10,5,5,55,20,0,4,15,5,5,5,0,60,25,0,2,30,0,5,5,45,20,25,0,0,0,15,5,0,15,30,35,0,11,20,5,11,6,7,0,0,614658,4880966
5/27/2008,2008,USFS,YES,HUCK,HUCK,100,YES,SE,5,5,5,10,65,10,0,3,12,0,5,35,5,20,35,0,0,0,5,5,5,5,35,45,0,4,14,5,0,50,5,0,40,0,8,11,10,0,35,5,15,35,0,14,18,5,0,40,10,10,35,0,7,15,5,0,5,5,75,10,0,5,10,5,0,5,5,10,75,0,6,18,5,0,0,65,5,25,0,4,9,10,0,5,60,10,15,0,15,15,22,11,26,15,25,17,614656,4880967
6/3/2009,2009,USFS,YES,HUCK,HUCK,20,YES,SE,5,5,5,0,80,5,0,2,12,0,5,5,0,85,5,0,0,0,0,5,5,5,80,5,0,0,0,0,0,60,5,30,5,0,0,0,5,5,20,5,60,5,0,4,13,0,5,10,5,50,20,0,0,0,5,5,5,5,75,5,0,3,12,5,5,0,5,80,5,0,5,20,5,0,5,10,20,60,0,3,10,5,5,5,10,15,70,0,7,10,27,71,45,24,46,50,614657,4880967
6/29/2010,2010,USFS,YES,HUCK,HUCK,25,YES,N,5,10,10,0,55,20,0,3,25,5,5,40,0,30,20,0,1,14,0,5,60,5,0,30,0,0,0,0,5,65,5,10,15,0,0,0,5,5,30,0,30,30,0,1,13,0,5,15,5,30,45,0,0,0,0,5,15,5,65,10,0,0,0,0,5,5,5,55,25,5,0,0,0,5,5,20,15,45,0,0,0,0,5,5,25,5,50,5,0,0,5,7,6,3,6,11,614656,4880967
6/30/2011,2011,USFS,YES,HUCK,HUCK,30,YES,E,0,5,50,0,30,15,0,0,0,0,5,30,0,50,15,0,0,0,0,5,40,5,5,45,0,0,0,0,5,85,5,0,5,0,0,0,5,5,25,0,40,25,0,1,25,0,5,25,5,40,25,0,0,0,0,5,10,0,45,20,0,0,0,5,5,5,20,25,30,10,0,0,5,5,5,15,0,70,0,6,16,0,0,5,30,5,45,15,0,0,11,8,10,15,8,10,614654,4880966
6/8/2012,2012,USFS,YES,HUCK,HUCK,5,YES,N,0,5,35,0,35,25,0,0,0,0,10,40,0,35,15,0,0,0,0,5,30,5,0,60,0,0,0,0,10,50,10,0,30,0,0,0,0,5,20,0,40,30,5,0,0,0,5,10,10,40,30,5,0,0,0,5,10,0,75,10,0,0,0,5,5,5,15,40,20,10,0,0,5,5,5,25,5,55,0,1,8,0,0,5,25,10,40,20,0,0,24,19,23,42,17,16,614657,4880965
5/30/2013,2013,USFS,YES,HUCK,HUCK,5,YES,S,0,10,10,0,50,30,0,0,0,0,20,5,0,50,25,0,0,0,0,5,25,5,0,65,0,0,0,0,10,20,5,5,50,10,0,0,0,10,10,0,50,25,5,0,0,0,5,10,10,30,35,10,0,0,0,10,5,5,40,25,5,0,0,0,5,5,10,45,20,15,0,0,0,10,5,15,5,65,0,0,0,0,0,5,25,10,40,20,0,0,35,14,25,43,27,24,614657,4880971
6/3/2014,2014,USFS,YES,HUCK,HUCK,5,YES,E,0,15,35,0,20,25,5,0,0,0,35,20,0,25,20,0,0,0,0,5,25,5,5,60,0,0,0,0,5,25,10,15,40,5,0,0,0,15,15,0,55,25,0,0,0,0,5,5,10,50,25,5,0,0,0,5,5,0,85,5,0,0,0,0,5,5,10,45,25,10,0,0,5,5,5,10,5,70,0,0,0,0,0,10,20,5,55,10,0,0,15,22,13,15,10,27,614657,4880971
6/8/2015,2015,USFS,YES,HUCK,HUCK,20,YES,NE,0,5,60,0,25,10,0,0,0,0,10,25,0,60,5,0,0,0,0,0,30,10,10,50,0,0,0,0,5,35,5,5,50,0,0,0,0,10,30,5,30,25,0,0,0,0,5,10,10,60,15,0,0,0,5,5,5,5,65,15,0,1,46,5,5,0,10,70,10,5,1,17,5,0,5,5,30,55,0,1,12,0,0,10,15,20,20,35,0,0,16,11,19,13,14,33,614657,4880971
5/30/2007,2007,PVLA,YES,IDAHO BORDER,IDBRD,0,NO,,10,15,0,0,70,5,0,11,15,20,10,0,0,65,5,0,10,105,25,40,0,0,25,5,0,4,101,0,55,0,5,40,5,0,0,0,0,55,0,0,25,15,0,0,0,5,35,0,5,55,5,0,2,6,60,15,0,0,25,0,0,16,91,0,50,0,5,40,5,0,0,0,10,40,0,0,45,5,0,6,15,0,35,0,0,60,5,0,0,0,1,1,2,0,0,0,497198,5141861
5/22/2008,2008,PVLA,YES,IDAHO BORDER,IDBRD,1,YES,E,5,10,0,10,50,25,0,1,38,15,0,0,15,55,10,5,6,72,0,50,0,10,15,25,0,0,0,0,40,0,20,25,0,15,0,0,0,35,0,0,30,15,20,0,0,0,35,0,5,55,5,0,0,0,30,15,0,0,45,5,5,10,77,0,40,0,0,35,10,15,0,0,10,10,0,10,45,0,25,5,34,0,40,0,10,40,10,0,0,0,1,4,2,5,3,1,497198,5141861
6/4/2009,2009,PVLA,YES,IDAHO BORDER,IDBRD,1,YES,W,50,15,0,0,10,25,0,4,75,25,10,0,0,40,25,0,8,84,0,30,0,0,30,40,0,0,0,0,20,0,0,25,55,0,0,0,0,25,0,0,15,60,0,0,0,0,15,0,0,35,50,0,0,0,10,20,0,0,40,30,0,4,17,0,30,0,0,20,50,0,0,0,10,10,0,0,20,20,40,6,29,0,20,0,15,25,35,5,0,0,103,86,91,84,87,84,497198,5141861
6/9/2010,2010,PVLA,YES,IDAHO BORDER,IDBRD,1,YES,W,0,15,0,0,10,75,0,0,0,40,5,0,0,5,45,5,9,92,5,5,0,35,5,25,25,4,13,5,5,0,0,20,10,60,1,7,10,10,0,35,15,20,10,5,9,5,0,0,10,45,20,20,3,8,5,5,0,10,15,35,30,1,7,10,5,0,60,5,10,10,4,13,10,5,5,35,10,15,20,5,17,0,5,0,15,25,20,35,0,0,181,125,94,136,171,121,497198,5141861
6/11/2011,2011,PVLA,YES,IDAHO BORDER,IDBRD,1,YES,W,0,5,0,0,5,90,0,0,0,15,5,0,0,25,45,10,5,41,5,0,0,5,15,70,5,1,33,0,0,0,0,20,35,45,0,0,30,0,50,0,15,0,5,7,49,5,0,0,5,20,40,30,2,9,0,0,0,15,25,45,15,0,0,5,0,0,10,0,70,15,1,24,0,0,0,20,5,70,5,0,0,0,0,0,5,5,90,0,0,0,97,113,92,108,100,104,497198,5141861
6/4/2012,2012,PVLA,YES,IDAHO BORDER,IDBRD,1,YES,W,0,10,0,0,10,65,15,0,0,0,10,0,0,30,40,20,0,0,0,20,0,10,10,30,30,0,0,0,5,0,0,15,15,65,0,0,20,0,0,15,20,20,25,3,49,0,0,0,10,70,20,0,0,0,0,20,0,0,35,20,25,0,0,10,15,0,10,5,40,20,2,10,0,0,0,15,10,40,20,0,0,0,25,0,5,20,45,5,0,0,35,42,40,136,89,57,497198,5141861
6/11/2013,2013,PVLA,YES,IDAHO BORDER,IDBRD,,YES,W,0,25,0,0,20,45,10,0,0,0,30,0,0,60,5,5,0,0,0,35,0,5,15,30,15,0,0,0,20,0,5,15,40,20,0,0,5,15,0,0,25,35,25,2,16,0,15,0,5,65,10,5,0,0,0,45,0,5,20,10,20,0,0,0,45,0,10,10,10,25,0,0,0,10,0,0,15,5,70,0,0,0,45,0,5,25,15,10,0,0,64,50,35,52,40,0,497198,5141861
5/19/2014,2014,ROW,YES,IDAHO BORDER,IDBRD,,YES,NW,0,50,0,0,10,35,5,0,0,0,40,0,0,50,5,5,0,0,0,15,0,5,35,15,30,0,0,0,15,0,5,30,15,40,0,0,0,65,0,0,25,5,5,0,0,0,5,0,5,80,5,5,0,0,0,25,0,10,20,10,35,0,0,0,45,0,5,5,35,10,0,0,0,20,0,0,20,15,45,0,0,0,35,0,15,20,10,20,0,0,46,68,52,48,61,42,497198,5141861
5/20/2015,2015,PVLA,YES,IDAHO BORDER,IDBRD,,YES,W,0,85,0,0,5,5,5,0,0,0,70,0,5,15,5,5,0,0,0,60,0,0,5,10,25,0,0,0,20,0,15,25,5,35,0,0,5,30,0,5,10,10,40,1,14,0,15,0,5,50,10,10,0,0,0,40,0,10,15,5,30,0,0,0,50,0,5,10,5,30,0,0,0,25,0,5,15,10,45,0,0,0,50,0,5,15,10,20,0,0,94,145,120,113,120,116,497198,5141861
7/2/2008,2008,CGOV,YES,IDAHO HILL TRANSFER,IDHT,5,YES,S,5,10,20,0,15,45,5,3,19,10,5,35,0,25,25,0,6,48,30,10,20,5,10,20,5,13,63,35,0,10,0,5,5,45,17,68,5,0,15,0,30,0,50,3,62,10,20,0,0,60,5,5,9,11,0,0,25,5,25,15,30,0,0,10,0,20,0,10,20,40,10,25,40,10,5,0,30,10,5,21,71,10,0,25,5,10,10,40,6,63,70,27,17,27,15,36,497116,5333505
5/26/2009,2009,CGOV,YES,IDAHO HILL TRANSFER,IDHT,5,YES,S,0,10,75,5,10,0,0,0,0,10,0,50,5,10,25,0,11,25,20,0,10,5,10,35,20,15,17,35,5,15,0,15,10,20,43,27,5,10,15,0,10,10,50,7,17,5,25,10,0,10,20,30,1,9,0,10,30,5,0,25,30,0,0,10,0,25,0,15,10,40,17,28,30,0,25,0,0,20,25,33,23,10,10,50,0,0,20,10,8,17,70,126,86,170,52,136,497116,5333505
5/24/2010,2010,CGOV,YES,IDAHO HILL TRANSFER,IDHT,5,YES,S,0,5,45,10,10,10,20,0,0,0,0,30,10,10,30,20,0,0,10,0,40,5,10,25,10,7,9,5,10,15,5,0,20,45,4,13,5,25,5,0,0,10,55,1,13,5,10,5,0,0,15,65,1,8,5,20,5,5,0,10,55,0,0,10,0,10,0,35,10,35,8,15,5,10,5,5,5,20,50,2,12,5,10,15,5,15,10,40,1,8,62,85,82,80,75,50,512894,5306912
6/30/2011,2011,CGOV,YES,IDAHO HILL TRANSFER,IDHT,5,YES,s,0,25,5,5,5,15,45,0,0,0,10,10,5,5,60,10,0,0,5,25,5,5,5,30,25,3,46,5,25,5,0,5,10,50,1,23,0,35,5,5,10,15,20,0,0,0,20,5,0,5,10,60,0,0,0,30,5,5,5,10,45,0,0,5,20,5,5,30,5,30,1,26,0,35,5,5,5,5,45,0,0,5,15,5,5,40,5,25,1,21,39,26,24,31,38,55,512894,5306912
5/30/2012,2012,CGOV,YES,IDAHO HILL TRANSFER,IDHT,5,YES,S,0,10,45,10,10,10,15,0,0,0,45,15,5,15,15,5,0,0,0,10,20,1,10,40,20,0,0,0,45,25,5,0,15,10,2,10,5,25,10,5,5,15,35,0,0,0,15,5,0,5,5,70,0,0,5,10,5,10,5,10,55,1,3,0,25,15,5,15,10,30,0,0,0,30,5,0,0,5,60,0,0,0,20,15,5,5,5,50,0,0,17,8,54,10,17,10,512894,5306912
6/3/2013,2013,CGOV,YES,IDAHO HILL TRANSFER,IDHT,5,YES,S,5,35,10,5,20,20,5,1,13,0,20,10,5,15,30,20,0,0,0,30,15,5,10,15,25,0,0,0,25,10,5,5,20,35,0,0,0,30,5,5,5,15,40,0,0,0,30,5,0,10,15,40,0,0,0,40,10,5,10,10,25,0,0,0,15,10,10,20,10,35,0,0,0,30,5,5,5,10,45,0,0,0,35,5,0,15,25,20,0,0,19,14,15,4,11,5,497116,5333505
5/23/2014,2014,CGOV,YES,IDAHO HILL TRANSFER,IDHT,5,YES,S,5,35,25,5,5,10,15,2,35,0,15,30,15,15,10,15,0,0,5,25,10,10,30,10,10,1,25,0,30,10,5,5,15,35,0,0,0,30,5,5,0,20,40,0,0,0,40,5,0,5,20,30,0,0,0,25,15,5,15,15,25,0,0,0,35,5,5,10,10,35,0,0,0,40,5,0,0,10,45,0,0,0,50,5,0,10,20,15,0,0,17,14,8,21,14,9,497116,5333505
5/21/2015,2015,CGOV,YES,IDAHO HILL TRANSFER,IDHT,5,YES,S,20,25,5,5,10,10,25,8,28,0,10,5,5,25,25,30,0,0,0,30,5,5,25,20,15,0,0,0,40,5,5,5,30,15,0,0,10,15,5,0,5,25,40,8,14,5,25,5,0,0,30,35,2,16,5,15,5,5,5,20,45,2,15,0,25,5,0,10,15,45,0,0,0,25,5,0,0,15,55,0,0,0,20,5,5,10,15,45,0,0,24,29,37,21,37,32,497116,5333505
6/14/2011,2011,PVLA,YES,KIMBALL,KIM,3,YES,S,15,0,50,5,20,10,0,12,19,15,0,20,0,25,40,0,23,20,10,0,15,10,25,40,0,22,17,15,0,40,0,20,25,0,26,20,10,0,30,0,40,20,0,28,15,5,0,25,0,40,30,0,5,15,5,0,50,0,20,25,0,8,11,0,0,50,0,10,40,0,0,0,0,0,40,0,20,40,0,0,0,5,0,10,0,60,25,0,5,14,1,7,0,1,2,2,722358,4806439
7/12/2007,2007,USFS,YES,LAKE CREEK,LKCRK,2,YES,N,5,0,5,5,10,75,0,3,63,5,0,10,75,10,10,0,2,24,0,0,90,0,5,5,0,0,0,0,0,65,5,10,20,0,0,0,5,0,20,15,30,30,0,3,58,5,0,55,5,25,10,0,7,82,0,0,20,5,70,5,0,0,0,5,0,0,0,90,5,0,5,57,5,0,10,15,25,45,0,3,35,0,0,70,5,10,15,0,0,0,7,18,4,7,0,0,713869,4848666
6/11/2008,2008,USFS,YES,LAKE CREEK,LKCRK,2,YES,W,5,0,15,5,20,55,0,6,40,5,0,70,5,5,15,0,3,24,5,0,85,0,5,5,0,1,19,0,0,20,5,30,45,0,0,0,5,0,10,5,50,30,0,8,27,5,0,75,5,10,5,0,11,33,0,0,20,5,70,5,0,0,0,10,0,5,0,80,5,0,5,27,5,0,15,5,40,35,0,7,18,0,0,85,5,5,5,0,0,0,11,10,3,4,6,3,713874,4848661
5/27/2009,2009,USFW,YES,LAKE CREEK,LKCRK,5,YES,NW,5,0,15,0,50,30,0,3,10,5,0,20,10,5,60,0,7,13,5,0,85,0,5,5,0,1,15,0,0,15,5,25,55,0,0,0,10,0,5,5,25,55,0,14,22,5,0,30,5,15,45,0,1,20,0,0,20,5,70,5,0,0,0,10,0,5,0,80,5,0,13,24,5,0,15,5,40,35,0,3,7,0,0,55,5,15,25,0,0,0,82,64,35,43,57,28,713874,4848664
6/30/2010,2010,USFS,YES,LAKE CREEK,LKCRK,5,YES,N,5,0,20,5,30,40,0,4,32,5,0,5,20,25,55,0,8,42,5,0,85,0,5,5,0,4,36,5,0,15,5,15,60,0,5,38,10,0,45,10,15,20,0,10,44,5,0,75,5,5,10,0,5,36,5,0,25,5,10,55,0,3,47,10,0,5,0,80,5,0,7,59,0,0,20,5,60,15,0,0,0,5,0,65,5,15,10,0,0,0,20,11,12,8,17,6,713868,4848666
6/29/2011,2011,USFS,YES,LAKE CREEK,LKCRK,15,YES,E,5,5,20,0,30,40,0,11,22,5,5,30,5,5,50,0,8,48,0,0,90,0,5,5,0,0,0,5,5,25,5,15,45,0,5,60,10,0,50,5,25,10,0,8,47,5,0,80,5,5,5,0,1,51,5,0,45,5,40,5,0,3,62,10,0,15,0,65,10,0,8,77,5,0,15,5,50,25,0,4,24,0,0,70,5,15,10,0,0,0,6,13,14,14,19,18,713874,4848662
6/27/2012,2012,USFS,YES,LAKE CREEK,LKCRK,2,YES,N,10,0,25,5,35,25,0,9,25,10,0,20,5,25,40,0,12,34,0,0,90,0,5,5,0,0,0,5,0,60,5,5,25,0,6,47,15,0,15,5,50,15,0,13,43,5,0,15,10,55,15,0,4,50,10,0,20,5,60,5,0,7,54,10,0,5,0,75,10,0,10,46,10,0,20,5,60,5,0,9,35,0,0,60,5,25,10,0,0,0,20,26,25,27,21,23,713878,4848660
6/18/2013,2013,USFS,YES,LAKE CREEK,LKCRK,2,YES,N,10,0,20,5,25,40,0,11,48,10,0,20,5,15,50,0,6,38,5,0,85,0,5,5,0,2,19,5,0,45,5,20,25,0,7,45,10,0,30,5,30,15,0,12,44,5,0,45,5,35,10,0,3,31,5,0,35,5,45,10,0,2,37,5,0,5,0,75,15,0,8,23,5,0,10,5,70,10,0,5,29,0,0,80,5,5,10,0,0,0,32,36,72,65,37,35,713873,4848661
6/9/2014,2014,USFS,YES,LAKE CREEK,LKCRK,2,YES,N,10,0,25,5,45,15,0,7,41,10,0,25,5,5,55,0,6,40,5,0,85,0,5,5,0,4,28,0,0,35,5,10,50,0,0,0,10,0,20,5,45,20,0,10,37,5,0,70,5,10,10,0,5,36,5,0,35,5,50,5,0,1,32,10,0,5,0,80,5,0,12,30,5,0,15,5,65,10,0,8,40,0,0,70,5,15,10,0,0,0,42,47,39,44,32,49,713873,4848661
6/11/2015,2015,USFS,YES,LAKE CREEK,LKCRK,2,YES,NE,10,0,35,0,45,10,0,20,52,10,0,30,5,20,35,0,13,50,5,0,80,0,5,10,0,0,0,0,0,75,0,10,15,0,0,0,10,0,20,0,40,30,0,11,54,10,0,70,10,10,0,0,9,70,5,0,40,0,45,10,0,0,0,10,0,5,0,80,5,0,14,49,10,0,25,5,55,5,0,12,59,0,0,75,0,0,25,0,0,0,26,19,30,27,21,22,713873,4848661
6/6/2009,2009,PVLA,YES,LITTLE SALMON RIVER 01,LSR1,1,YES,W,5,20,10,0,5,20,40,1,21,0,0,60,0,10,0,30,0,0,0,5,10,0,30,10,45,0,0,0,30,5,0,0,15,50,0,0,0,0,5,10,15,15,55,0,0,5,10,10,0,0,10,65,4,11,25,0,5,0,30,5,35,4,69,10,0,0,40,10,10,30,4,47,0,5,15,0,0,5,75,0,0,25,10,15,0,0,15,35,5,81,0,0,0,0,0,0,550434,5024487
6/8/2010,2010,PVLA,YES,LITTLE SALMON RIVER 01,LSR1,1,YES,W,10,15,10,0,10,5,50,3,31,0,15,55,0,0,10,20,0,0,0,15,15,0,10,15,45,0,0,5,20,15,0,20,20,20,1,9,0,15,20,15,0,15,35,0,0,25,15,35,0,0,20,5,4,69,0,10,10,0,20,10,50,0,0,20,5,20,20,0,20,15,6,72,0,10,20,0,0,40,30,0,0,15,20,15,0,10,20,20,5,91,27,19,40,51,38,43,550434,5024487
6/8/2011,2011,PVLA,YES,LITTLE SALMON RIVER 01,LSR1,1,YES,W,10,20,20,0,0,20,30,7,8,0,25,35,0,0,20,20,0,0,0,10,15,0,5,10,60,0,0,5,35,10,0,0,15,35,1,11,0,10,20,10,0,30,30,0,0,0,25,35,0,5,20,15,0,0,0,15,5,0,10,30,40,0,0,5,15,0,15,0,30,35,2,13,0,15,20,0,0,35,30,0,0,5,15,20,0,10,15,35,3,10,12,18,25,21,22,16,550434,5024487
6/3/2012,2012,PVLA,YES,LITTLE SALMON RIVER 01,LSR1,1,YES,W,5,15,25,0,10,15,30,2,7,5,15,20,0,10,25,25,1,4,0,0,30,0,5,15,50,0,0,5,20,5,0,0,45,25,2,19,0,5,20,10,25,10,30,0,0,5,25,30,5,0,25,10,1,7,0,15,25,0,20,10,30,0,0,5,20,0,15,0,45,15,2,13,0,15,30,0,0,35,20,0,0,0,50,10,5,0,15,20,0,0,6,7,8,5,3,4,550434,5024487
7/17/2013,2013,PVLA,YES,LITTLE SALMON RIVER 01,LSR1,0.01,YES,W,0,5,30,0,55,10,0,0,0,5,10,0,0,80,5,0,1,21,0,5,20,0,70,5,0,0,0,0,30,5,0,60,5,0,0,0,0,5,0,5,90,0,0,0,0,0,25,25,0,45,5,0,0,0,0,5,5,0,90,0,0,0,0,0,80,0,5,10,5,0,0,0,0,5,15,0,80,0,0,0,0,0,10,15,10,65,0,0,0,0,0,0,0,0,0,0,550434,5024487
6/6/2009,2009,PVLA,YES,LITTLE SALMON RIVER 02,LSR2,2,YES,E,0,25,0,0,0,20,55,0,0,5,10,60,0,0,15,10,2,16,0,50,0,0,15,15,20,0,0,75,5,0,0,5,5,10,18,82,15,15,0,0,10,30,30,3,47,0,40,0,0,35,25,0,0,0,25,15,5,0,15,15,25,6,61,5,50,0,0,10,35,0,1,39,0,40,0,0,20,40,0,0,0,15,25,0,0,5,25,30,4,49,0,0,0,0,0,0,551881,5027003
6/8/2010,2010,PVLA,YES,LITTLE SALMON RIVER 02,LSR2,2,YES,E,0,30,0,0,15,20,35,0,0,5,60,10,0,10,15,0,1,27,0,70,0,0,10,20,0,0,0,15,50,0,0,20,15,0,5,75,20,25,0,0,15,10,30,5,29,0,65,0,0,10,15,10,0,0,20,25,15,0,15,20,5,6,21,0,65,0,0,10,25,0,0,0,10,45,0,0,15,30,0,6,25,10,60,0,0,5,20,5,3,21,102,75,81,63,59,78,551881,5027003
6/8/2011,2011,PVLA,YES,LITTLE SALMON RIVER 02,LSR2,0.5,YES,E,0,10,15,0,5,30,40,0,0,0,25,30,0,15,30,0,0,0,0,60,0,0,15,15,10,0,0,0,40,0,0,25,20,15,0,0,0,25,0,0,20,15,40,0,0,0,30,5,0,50,15,0,0,0,5,45,5,0,15,25,5,1,5,0,50,0,0,10,30,10,0,0,0,80,0,0,10,10,0,0,0,0,45,5,0,5,35,10,0,0,11,46,33,54,25,43,551881,5027002
6/3/2012,2012,PVLA,YES,LITTLE SALMON RIVER 02,LSR2,0.5,YES,E,0,35,0,0,15,0,50,0,0,0,45,5,0,25,20,5,0,0,0,60,0,0,20,20,0,0,0,0,70,0,0,10,20,0,0,0,0,35,0,0,15,30,20,0,0,0,40,0,0,40,20,0,0,0,0,30,10,0,20,20,20,0,0,0,70,0,0,10,20,0,0,0,0,40,15,0,20,25,0,0,0,0,75,0,0,10,15,0,0,0,2,1,0,0,0,7,551881,5027003
7/17/2013,2013,PVLA,YES,LITTLE SALMON RIVER 02,LSR2,0.01,YES,E,0,85,0,0,15,0,0,0,0,0,75,0,0,20,5,0,0,0,0,90,0,0,10,0,0,0,0,0,75,0,0,20,5,0,0,0,0,80,0,0,15,5,0,0,0,0,40,0,0,60,0,0,0,0,0,50,5,0,35,10,0,0,0,0,60,20,0,15,5,0,0,0,0,75,0,0,25,0,0,0,0,0,80,0,0,15,5,0,0,0,0,0,0,0,0,0,551881,5027002
6/15/2007,2007,USFS,YES,LONE MOUNTAIN,LMMTN,2,YES,W,15,5,0,25,5,50,0,7,32,0,100,0,0,0,0,0,0,0,0,60,0,0,30,10,0,0,0,5,50,0,0,10,35,0,2,25,5,65,20,0,5,5,0,2,17,50,0,10,15,0,25,0,14,37,5,85,0,0,5,5,0,2,16,0,30,0,10,45,15,0,0,0,0,10,0,60,0,30,0,0,0,0,20,0,20,15,45,0,0,0,0,0,0,0,0,0,512894,5306912
5/27/2009,2009,USFS,YES,LONE MOUNTAIN,LMMTN,2,YES,E,5,15,0,15,0,35,30,4,10,5,35,0,5,0,30,25,1,10,0,55,5,0,0,20,20,0,0,0,30,0,5,5,30,30,0,0,5,40,0,10,0,25,20,4,15,5,35,0,0,0,40,20,2,9,0,30,0,10,0,50,10,0,0,0,45,5,5,15,10,20,0,0,0,30,0,15,5,50,0,0,0,0,20,15,0,20,45,0,0,0,10,7,5,6,6,6,512894,5306912
5/24/2010,2010,USFS,YES,LONE MOUNTAIN,LMMTN,2,YES,E,0,20,0,30,0,25,25,0,0,0,50,5,5,5,15,20,0,0,5,45,5,0,5,10,30,1,9,0,25,5,10,0,40,20,0,0,0,25,5,5,0,35,30,0,0,0,25,20,10,0,25,20,0,0,0,40,5,15,0,25,15,0,0,0,40,5,10,0,30,15,0,0,0,5,0,35,5,45,10,0,0,0,10,5,35,0,30,20,0,0,6,13,5,7,7,5,512894,5306912
5/21/2015,2015,USFS,YES,LONE MOUNTAIN,LMMTN,2,YES,E,0,5,0,70,0,10,15,0,0,0,35,0,15,0,25,25,0,0,0,35,5,5,0,30,25,0,0,0,30,5,5,0,30,30,0,0,0,25,5,5,0,30,35,0,0,0,25,5,5,0,20,45,0,0,0,25,5,5,0,30,35,0,0,0,15,0,15,0,30,40,0,0,0,30,0,15,0,50,5,0,0,0,15,0,55,0,20,10,0,0,7,2,0,2,4,5,512894,5306912
7/6/2011,2011,CGOV,YES,LONE MOUNTAIN,LMMTN,2,YES,e,0,20,5,35,0,35,5,0,0,0,70,0,5,0,10,15,0,0,0,50,0,0,0,10,40,0,0,5,30,5,10,0,20,30,1,16,5,45,5,15,0,20,10,1,14,0,40,5,20,0,25,10,0,0,0,85,0,5,0,5,5,0,0,0,75,0,15,0,10,0,0,0,0,70,0,10,0,20,0,0,0,0,30,0,30,0,30,10,0,0,24,10,5,10,6,12,512894,5306912
5/30/2012,2012,USFS,YES,LONE MOUNTAIN,LMMTN,2,YES,E,0,15,5,40,5,10,25,0,0,0,10,0,0,0,55,35,0,0,0,20,0,5,0,20,55,0,0,0,15,5,15,0,45,20,0,0,0,10,5,25,0,45,15,0,0,0,20,0,35,0,20,25,0,0,0,10,0,65,0,5,20,0,0,0,5,0,50,0,30,15,0,0,0,5,0,40,0,50,5,0,0,0,30,0,5,0,55,10,0,0,0,0,0,0,0,0,512894,5306912
6/3/2013,2013,USFS,YES,LONE MOUNTAIN,LMMTN,2,YES,E,0,10,0,65,5,5,15,0,0,0,10,10,5,0,30,45,0,0,0,35,5,0,0,30,30,0,0,0,65,5,5,0,10,15,0,0,0,45,5,5,0,20,30,0,0,0,35,5,5,5,20,30,0,0,0,10,10,10,0,50,20,0,0,0,5,5,40,5,30,15,0,0,0,10,5,25,0,55,5,0,0,0,15,5,15,0,35,30,0,0,2,9,10,20,0,0,512894,5306912
5/30/2014,2014,USFS,YES,LONE MOUNTAIN,LMMTN,2,YES,E,0,5,0,60,0,20,15,0,0,0,10,5,5,5,15,60,0,0,0,45,5,0,0,20,30,0,0,0,15,0,10,0,30,45,0,0,0,25,0,15,0,20,40,0,0,0,15,5,10,0,30,40,0,0,0,10,0,20,0,55,15,0,0,0,0,5,10,0,85,0,0,0,0,5,0,15,0,70,10,0,0,0,5,0,40,0,45,10,0,0,2,2,2,3,3,1,512894,5306912
6/5/2008,2008,USFS,YES,LONE MOUNTAIN,LMMTN,2,YES,E,25,5,5,10,5,40,10,16,28,5,35,10,5,5,25,15,3,14,0,50,10,5,5,15,15,0,0,0,35,5,5,0,35,20,0,0,0,40,15,5,0,25,15,0,0,25,10,10,10,0,30,15,17,25,0,50,5,10,10,20,5,0,0,0,35,5,5,40,10,5,0,0,0,10,5,30,0,55,0,0,0,0,15,10,5,40,20,5,0,0,5,8,1,0,5,6,512894,5306912
6/10/2009,2009,BLM,YES,LYONS BAR 01,LYBAR1,3,YES,N,0,30,0,0,15,45,10,0,0,5,55,0,0,0,40,0,3,21,15,25,0,0,30,40,0,5,68,20,20,0,0,30,30,0,7,83,0,5,20,0,35,40,0,0,0,25,10,0,0,40,25,0,6,107,0,45,0,0,20,35,0,0,0,0,40,5,0,0,55,0,0,0,40,5,0,0,25,30,0,14,116,15,10,10,0,25,40,0,5,53,58,53,51,46,52,49,552586,5068834
6/7/2010,2010,BLM,YES,LYONS BAR 01,LYBAR1,3,YES,N,0,5,0,0,20,75,0,0,0,0,90,0,0,0,10,0,0,0,10,30,0,0,25,35,0,2,26,10,25,0,0,35,30,0,2,24,0,10,60,0,20,10,0,0,0,15,25,0,0,40,20,0,4,64,0,95,5,0,0,0,0,0,0,20,60,20,0,0,0,0,3,93,20,30,5,0,25,20,0,11,66,50,20,10,0,0,20,0,18,65,32,35,32,25,28,0,552586,5068834
6/8/2011,2011,BLM,YES,LYONS BAR 01,LYBAR1,3,YES,N,0,40,0,0,40,15,5,0,0,10,30,0,0,30,15,15,3,41,0,80,0,0,5,15,0,0,0,0,40,0,0,20,40,0,0,0,5,30,0,0,50,15,0,1,18,0,5,40,0,40,15,0,0,0,45,10,0,0,35,10,0,16,82,0,80,0,0,0,20,0,0,0,0,40,40,0,5,15,0,0,0,15,25,5,0,20,35,0,4,49,41,55,26,32,40,45,552586,5068834
6/3/2012,2012,BLM,YES,LYONS BAR 01,LYBAR1,3,YES,N,0,25,5,0,35,30,5,0,0,0,90,0,0,0,10,0,0,0,10,20,5,0,20,45,0,3,26,5,45,0,0,25,25,0,3,8,0,10,35,0,40,15,0,0,0,10,20,0,0,45,25,0,2,29,25,30,0,0,30,15,0,4,31,0,75,0,0,0,25,0,0,0,10,30,0,0,25,35,0,3,9,25,25,20,0,10,20,0,8,27,104,42,70,56,41,63,552586,5068834
7/17/2013,2013,BLM,YES,LYONS BAR 01,LYBAR1,3,YES,N,15,40,0,0,40,5,0,4,66,0,30,0,5,60,5,0,0,0,0,75,0,15,10,10,0,0,0,0,80,0,10,10,0,0,0,0,0,100,0,0,0,0,0,0,0,0,90,0,10,0,0,0,0,0,5,90,0,5,0,0,0,1,12,5,90,0,5,0,0,0,1,20,5,80,0,15,0,0,0,1,14,0,65,0,20,15,0,0,0,0,0,0,0,0,0,0,552586,5068834
5/20/2010,2010,CGOV,NO,MOYIE,MOY,2,,,0,40,15,0,15,25,5,0,0,5,60,0,0,10,20,5,2,13,15,20,0,0,35,25,5,19,24,15,5,0,5,5,60,10,7,50,10,20,0,0,45,20,5,17,32,5,15,0,0,50,25,5,6,36,10,20,0,5,20,40,5,20,47,5,20,0,0,15,50,10,2,20,5,5,0,5,60,20,5,6,18,5,10,5,0,65,10,5,3,13,72,68,212,39,151,51,560100,5397968
5/18/2011,2011,STAT,YES,MOYIE,MOY,1,YES,W,0,55,5,5,5,30,0,0,0,5,10,0,5,15,65,0,5,23,5,10,0,10,30,40,5,5,12,5,5,0,5,40,45,0,0,0,0,15,0,10,60,15,0,0,0,5,10,0,30,30,25,0,1,9,0,35,0,5,25,30,0,0,0,0,30,0,15,5,50,0,0,0,5,20,0,10,25,40,0,2,6,0,15,5,5,50,25,0,0,0,97,46,64,60,45,66,560100,5397968
6/7/2012,2012,PVLA,YES,MOYIE,MOY,,YES,WNW,0,30,10,15,5,40,0,0,0,5,25,0,10,5,55,0,1,25,5,25,0,5,15,50,0,1,15,5,5,0,25,20,40,5,2,11,5,15,0,0,35,40,5,1,16,0,30,0,0,45,20,5,0,0,0,35,0,0,15,45,5,0,0,0,40,0,0,5,45,10,0,0,0,25,0,0,20,50,5,0,0,0,15,0,0,55,25,5,0,0,87,72,102,65,82,56,560100,5397968
6/1/2013,2013,PVLA,YES,MOYIE,MOY,,NO,,0,45,15,15,5,20,0,0,0,0,20,0,10,10,60,0,0,0,0,30,0,5,10,55,0,0,0,0,5,0,40,20,30,5,0,0,0,15,0,5,25,50,5,0,0,0,20,0,0,50,30,0,0,0,0,20,0,5,10,65,0,0,0,0,20,0,5,10,60,5,0,0,5,15,0,5,30,40,5,1,27,0,15,5,0,15,60,5,0,0,34,29,23,5,16,21,560100,5397968
5/21/2014,2014,CGOV,YES,MOYIE,MOY,5,YES,W,0,15,15,20,5,45,0,0,0,0,10,0,20,30,40,0,0,0,0,15,5,10,30,35,5,0,0,0,5,0,40,25,30,0,0,0,0,25,0,10,25,20,20,0,0,0,25,5,5,50,10,5,0,0,0,15,5,10,35,25,10,0,0,0,10,20,5,20,35,10,0,0,0,15,5,5,35,20,15,0,0,0,20,10,5,25,15,25,0,0,30,42,45,94,65,75,560100,5397968
5/20/2015,2015,CGOV,YES,MOYIE,MOY,1,YES,W,0,20,10,15,10,45,0,0,0,0,15,5,10,15,50,5,0,0,0,15,5,10,30,35,5,0,0,0,10,0,45,0,20,25,0,0,0,10,5,5,25,35,20,0,0,0,15,0,5,35,20,25,0,0,0,5,5,5,30,30,25,0,0,0,15,5,10,15,45,10,0,0,0,20,0,5,25,40,10,0,0,0,5,10,15,30,25,15,0,0,58,67,42,31,32,23,560100,5397968
5/30/2007,2007,USFS,YES,PATTERSON,PATT,3,YES,W,5,5,5,0,80,5,0,5,25,10,5,5,0,75,5,0,21,35,10,0,5,0,80,5,0,31,30,15,0,5,0,75,10,0,35,30,5,0,10,0,15,70,0,12,25,0,5,5,0,10,80,0,0,0,5,5,10,0,20,60,0,13,25,5,5,10,0,5,75,0,7,15,0,5,5,0,0,90,0,0,0,5,5,5,0,10,75,0,15,40,23,13,13,15,0,0,763997,4937955
5/27/2008,2008,USFS,YES,PATTERSON,PATT,3,YES,W,0,5,5,0,50,40,0,0,0,0,5,10,10,50,25,0,0,0,0,20,40,0,15,25,0,0,0,0,10,30,0,50,10,0,0,0,0,0,20,0,70,10,0,0,0,0,0,30,0,60,10,0,0,0,0,0,0,0,0,80,20,0,0,0,10,25,0,55,10,0,0,0,0,5,35,10,40,10,0,0,0,0,15,15,0,60,10,0,0,0,0,0,0,0,0,0,763997,4937955
6/3/2009,2009,USFS,YES,PATTERSON,PATT,3,YES,W,0,10,10,10,35,35,0,0,0,0,10,10,20,25,35,0,0,0,0,15,45,0,20,20,0,0,0,0,5,40,0,35,20,0,0,0,0,0,25,5,60,10,0,0,0,0,5,40,0,40,15,0,0,0,0,0,0,10,70,20,0,0,0,0,15,30,5,30,20,0,0,0,0,0,40,15,30,15,0,0,0,0,10,10,20,40,20,0,0,0,0,0,0,0,0,0,763997,4937955
6/23/2010,2010,USFS,YES,PATTERSON,PATT,3,YES,W,0,30,0,0,60,10,0,0,0,0,40,0,0,50,10,0,0,0,0,35,0,0,45,20,0,0,0,0,40,0,0,20,40,0,0,0,0,25,15,0,40,20,0,0,0,0,50,0,0,40,10,0,0,0,0,50,0,0,10,40,0,0,0,0,70,0,0,25,5,0,0,0,0,5,0,0,80,15,0,0,0,0,10,15,0,60,15,0,0,0,0,0,0,0,0,0,763997,4937954
6/16/2011,2011,USFS,YES,PATTERSON,PATT,3,YES,w,0,10,0,0,80,10,0,0,0,0,30,5,15,50,0,0,0,0,0,35,15,0,30,20,0,0,0,0,50,5,0,25,15,5,0,0,0,5,5,0,30,55,5,0,0,0,10,15,0,50,30,0,0,0,0,60,15,0,20,5,0,0,0,0,25,15,10,30,20,0,0,0,0,30,0,0,30,40,0,0,0,0,15,0,0,60,25,0,0,0,0,0,0,0,0,0,763999,4937950
6/12/2007,2007,BLM,YES,PINE BAR,PINBR,100,YES,,10,65,0,5,5,15,0,23,49,0,15,0,0,65,15,0,0,0,5,50,40,0,0,5,0,5,35,5,20,10,0,20,45,0,3,20,10,40,10,0,10,30,0,6,65,5,65,0,0,0,30,0,1,25,5,70,5,0,5,15,0,5,110,5,70,0,0,10,15,0,4,45,5,65,10,5,0,15,0,1,60,5,80,0,0,0,15,0,3,30,0,0,0,0,0,0,551020,5082116
6/17/2008,2008,BLM,YES,PINE BAR,PINBR,100,YES,N/A,10,20,15,10,0,45,0,9,87,0,35,5,0,35,25,0,0,0,5,15,65,0,0,15,0,2,59,5,20,45,0,20,10,0,2,90,15,5,70,0,0,10,0,7,89,5,35,25,0,0,35,0,1,51,0,20,20,0,0,60,0,0,0,0,30,20,0,10,40,0,0,0,0,20,60,0,0,20,0,0,0,25,25,30,0,0,20,0,4,69,6,0,0,0,0,0,551020,5082116
6/3/2009,2009,BLM,YES,PINE BAR,PINBR,100,YES,SE,10,15,5,20,15,35,0,7,70,0,40,5,0,35,20,0,0,0,5,40,40,0,0,15,0,6,110,5,30,45,0,10,10,0,3,120,5,40,40,0,0,15,0,5,45,5,40,5,0,10,40,0,2,122,5,50,20,0,0,25,0,3,65,0,45,0,0,0,55,0,0,0,5,10,60,0,0,25,0,2,50,10,45,0,0,0,45,0,5,95,0,0,0,0,0,0,551020,5082116
6/8/2010,2010,BLM,YES,PINE BAR,PINBR,100,YES,W,10,5,2,3,55,25,0,4,70,5,0,5,0,70,20,0,2,40,20,20,5,0,20,50,0,9,81,5,5,30,10,5,45,0,3,81,25,5,30,0,10,30,0,8,64,5,10,5,0,20,60,0,4,46,0,60,15,0,0,25,0,0,0,0,40,0,0,5,55,0,0,0,0,10,25,0,5,60,0,0,0,10,20,5,0,30,35,0,0,0,0,0,0,0,0,0,551020,5082116
6/15/2011,2011,BLM,YES,PINE BAR,PINBR,50,YES,ALL,5,0,60,0,5,30,0,1,5,5,0,60,0,0,35,0,2,20,0,50,15,0,10,25,0,0,0,0,10,70,0,0,15,5,1,40,0,10,40,0,5,40,5,0,0,0,10,30,0,5,40,15,1,34,0,75,10,0,0,5,10,0,0,0,35,10,0,0,20,35,0,0,0,5,70,0,0,15,10,2,30,5,0,20,0,0,40,35,20,30,3,3,2,1,2,1,551020,5082116
6/7/2012,2012,BLM,YES,PINE BAR,PINBR,100,YES,,5,20,5,0,55,15,0,2,8,0,20,30,0,10,40,0,0,0,0,5,45,5,30,15,0,0,0,0,15,45,0,20,20,0,1,15,5,10,5,0,10,50,20,1,6,5,20,25,0,0,25,25,3,7,5,35,10,0,0,35,15,5,7,5,30,20,0,5,25,15,2,7,5,10,35,0,10,35,5,2,9,10,20,25,10,0,15,20,7,15,18,12,8,0,10,40,551020,5082116
6/26/2013,2013,BLM,YES,PINE BAR,PINBR,100,YES,,0,10,15,0,60,15,0,0,0,0,30,10,0,10,25,25,0,0,0,20,40,5,20,10,5,0,0,0,45,25,0,0,15,15,0,0,5,35,5,0,5,25,25,1,12,0,50,10,0,5,20,15,0,0,5,15,15,0,5,30,30,1,10,5,20,5,0,5,35,30,3,13,5,5,40,0,5,25,20,1,11,5,10,25,10,0,30,20,3,15,2,1,0,0,2,4,551020,5082116
6/4/2014,2014,BLM,YES,PINE BAR,PINBR,100,YES,,0,35,15,0,0,30,20,0,0,0,20,10,0,50,15,5,0,0,0,10,75,0,0,10,5,0,0,0,10,70,0,15,5,0,0,0,0,30,15,0,5,25,25,0,0,0,5,30,0,5,30,30,0,0,0,30,25,0,5,20,20,0,0,5,20,30,5,0,25,20,2,26,5,20,20,0,5,15,35,3,11,5,40,20,5,5,5,20,2,18,0,0,0,0,0,0,551020,5082116
5/21/2015,2015,BLM,YES,PINE BAR,PINBR,100,YES,,0,5,40,0,10,25,20,0,0,0,10,30,0,20,20,20,0,0,0,15,80,0,0,5,0,0,0,0,50,10,0,20,10,10,0,0,0,25,25,0,5,25,20,0,0,0,10,5,0,20,35,30,0,0,0,10,20,0,5,30,35,0,0,0,10,15,0,5,15,55,0,0,2,15,25,10,0,20,25,1,5,0,5,55,0,10,10,20,0,0,0,0,0,0,0,0,551020,5082116
7/3/2008,2008,BLM,YES,PINE CREEK,PINCRK,1,YES,W,5,0,10,0,80,5,0,2,47,5,0,25,5,30,30,5,2,18,0,0,25,5,60,10,0,0,0,30,0,10,10,40,10,0,16,50,0,0,15,5,75,5,0,0,0,10,0,15,10,50,15,0,10,20,0,0,10,5,80,0,5,0,0,0,0,15,5,65,10,5,0,0,0,0,10,5,20,65,0,0,0,0,0,25,5,50,10,10,0,0,18,15,15,22,18,15,558340,5260789
6/1/2009,2009,BLM,YES,PINE CREEK,PINCRK,1,YES,W,0,0,20,5,55,15,5,0,0,0,0,5,5,50,40,0,0,0,0,0,10,5,75,5,5,0,0,0,0,20,5,65,5,5,0,0,10,0,5,5,60,10,5,7,57,0,0,5,10,70,15,5,0,0,5,5,5,5,70,10,0,7,17,5,0,25,5,55,10,0,1,15,0,0,20,5,60,15,0,0,0,5,0,10,5,65,15,0,1,10,101,80,46,91,77,61,558340,5260789
5/27/2010,2010,BLM,YES,PINE CREEK,PINCRK,1,YES,W,0,0,40,5,20,30,5,0,0,0,0,25,10,5,60,0,0,0,0,10,30,5,30,20,5,0,0,0,0,15,5,60,20,0,0,0,10,0,30,5,20,30,5,4,25,0,0,15,0,65,15,5,0,0,5,5,25,5,35,20,5,4,9,0,0,70,0,10,15,5,0,0,0,0,50,0,25,20,5,0,0,0,0,60,5,20,15,5,0,0,28,29,44,38,45,38,558340,5260789
7/6/2011,2011,BLM,YES,PINE CREEK,PINCRK,1,YES,w,0,0,50,5,15,25,5,0,0,0,0,5,5,0,85,5,0,0,0,0,40,10,30,15,5,0,0,0,0,30,0,60,5,5,0,0,20,0,40,15,10,5,10,5,40,0,0,20,0,65,10,5,0,0,5,5,40,10,30,10,5,0,0,0,0,40,10,30,10,5,0,0,5,10,20,5,45,10,5,1,10,0,0,35,0,35,25,5,0,0,54,62,49,33,37,48,558340,5260789
6/15/2012,2012,BLM,YES,PINE CREEK,PINCRK,1,YES,W,0,0,25,10,35,30,0,0,0,0,0,10,5,10,75,0,0,0,0,0,15,5,70,10,0,0,0,0,0,60,10,20,10,0,0,0,0,0,65,15,15,5,0,0,0,10,0,50,20,15,5,0,7,20,0,0,50,15,20,15,0,0,0,0,0,65,15,5,15,0,0,0,0,20,50,5,10,15,0,0,0,0,5,65,10,10,10,0,0,0,21,13,32,24,18,11,558340,5260789
6/18/2013,2013,BLM,YES,PINE CREEK,PINCRK,<1,YES,,0,0,10,40,10,40,0,0,0,0,0,10,10,40,40,0,0,0,0,0,15,5,50,30,0,0,0,0,0,10,20,15,55,0,0,0,0,0,10,40,10,40,0,0,0,5,0,15,20,20,40,0,2,7,0,0,10,15,20,55,0,0,0,0,0,20,30,30,20,0,0,0,0,5,15,30,20,30,0,0,0,0,0,35,20,25,20,0,0,0,32,37,33,15,23,0,558317,5260789
6/11/2014,2014,BLM,YES,PINE CREEK,PINCRK,1,YES,,0,5,30,5,30,30,0,0,0,0,0,10,5,15,70,0,0,0,0,0,5,5,60,30,0,0,0,0,0,5,20,25,50,0,0,0,0,0,5,40,15,40,0,0,0,5,0,5,25,35,30,0,2,20,0,0,5,35,40,20,0,0,0,0,5,15,15,40,25,0,0,0,0,30,25,5,30,10,0,0,0,0,10,20,5,35,30,0,0,0,19,34,27,18,24,25,558317,5260789
6/5/2015,2015,BLM,YES,PINE CREEK,PINCRK,0.5,YES,,0,0,10,10,5,75,0,0,0,0,0,5,5,5,85,0,0,0,0,0,10,5,60,25,0,0,0,0,0,5,5,40,50,0,0,0,0,0,5,20,25,50,0,0,0,5,0,5,15,40,35,0,4,20,0,0,5,35,45,15,0,0,0,0,10,10,15,15,50,0,0,0,0,50,5,5,10,30,0,0,0,0,30,5,5,30,30,0,0,0,36,35,48,35,36,40,558317,5260789
6/12/2007,2007,PVLA,YES,PORT HILL,PRTHL,0.5,YES,SE,5,15,5,10,40,25,0,1,21,15,10,5,5,35,30,0,11,52,15,25,5,5,5,45,0,11,36,10,30,0,5,15,40,0,4,14,5,10,5,5,25,50,0,1,12,10,25,5,5,20,35,0,2,30,5,15,5,5,50,20,0,1,8,15,20,5,0,10,50,0,8,35,0,35,0,0,5,60,0,0,0,10,60,5,5,5,15,0,3,25,53,44,101,94,0,0,537286,5426390
6/28/2008,2008,PVLA,YES,PORT HILL,PRTHL,1,YES,S,5,15,0,0,40,15,25,2,18,5,15,15,0,5,10,50,1,65,0,20,0,0,20,45,15,0,0,0,25,20,0,55,10,0,0,0,0,15,20,0,55,10,0,0,0,10,15,0,0,20,45,10,2,28,5,15,0,0,10,20,50,1,12,20,5,10,0,0,45,20,7,32,0,25,5,0,0,50,20,0,0,20,15,5,10,40,0,10,10,22,47,34,114,12,93,58,537286,5426390
5/29/2009,2009,CGOV,YES,PORT HILL,PRTHL,5,YES,W,0,0,5,10,35,20,30,0,0,0,0,5,10,50,15,20,0,0,5,5,5,5,55,5,20,2,14,0,5,10,5,50,25,5,0,0,5,5,15,5,25,40,5,1,19,0,0,0,5,95,0,0,0,0,0,0,0,0,15,25,60,0,0,0,0,0,0,5,25,70,0,0,0,0,0,5,5,15,75,0,0,0,0,0,0,5,45,50,0,0,70,83,72,62,20,67,537286,5426390
5/26/2010,2010,CGOV,YES,PORT HILL,PRTHL,5,YES,W,20,25,5,5,20,10,15,4,79,5,10,5,5,40,15,20,1,20,55,5,0,5,25,0,10,19,82,5,10,5,5,55,15,5,1,31,5,15,0,5,15,35,20,3,44,0,5,5,0,85,5,0,0,0,0,0,5,10,10,10,65,0,0,0,0,0,5,5,10,80,0,0,0,0,5,5,35,5,50,0,0,0,0,5,25,20,10,40,0,0,152,125,123,115,80,120,537286,5426390
6/30/2011,2011,CGOV,YES,PORT HILL,PRTHL,5,YES,west,15,10,5,0,30,15,25,10,91,5,10,5,5,45,10,20,3,15,25,5,5,5,35,5,20,16,68,10,5,5,5,55,15,5,5,41,5,5,30,5,20,20,15,2,16,5,5,5,0,80,5,0,1,22,5,10,30,0,40,10,5,1,11,5,30,5,0,10,10,40,2,11,0,10,5,5,45,10,15,0,0,0,10,5,5,30,10,40,0,0,101,85,113,108,77,103,537286,5426390
6/11/2012,2012,CGOV,YES,PORT HILL,PRTHL,5,YES,W,0,0,5,25,25,25,20,0,0,5,0,5,10,30,20,30,4,10,0,0,0,15,10,65,10,0,0,5,0,0,25,35,20,20,2,5,0,0,5,25,10,50,10,0,0,0,0,0,5,90,5,0,0,0,0,0,5,15,60,15,5,0,0,0,0,5,15,5,10,65,0,0,0,0,0,25,10,50,15,0,0,15,0,5,20,0,35,25,16,35,65,63,98,72,70,141,537286,5426390
5/31/2013,2013,CGOV,YES,PORT HILL,PRTHL,5,YES,W,0,0,5,20,5,45,25,0,0,5,0,0,15,40,30,15,9,11,10,0,5,25,5,35,20,7,31,5,0,5,20,15,35,10,1,8,0,20,0,15,10,45,10,0,0,0,0,0,5,85,10,0,0,0,5,0,0,20,40,30,5,3,15,0,0,10,10,10,20,50,0,0,5,0,5,30,0,30,30,1,16,20,0,10,5,0,20,45,14,28,91,157,152,93,77,131,537285,5426390
5/21/2014,2014,CGOV,YES,PORT HILL,PRTHL,5,YES,W,5,0,20,20,15,15,25,1,45,5,0,25,5,35,10,20,3,38,5,0,5,25,15,25,25,4,50,5,0,5,15,35,15,25,3,18,0,0,20,20,30,15,15,0,0,0,0,5,5,85,5,0,0,0,10,0,5,20,45,15,5,7,63,0,0,15,15,10,10,50,0,0,5,0,5,20,0,30,40,2,33,10,10,0,10,25,0,55,7,58,251,212,187,286,303,307,537285,5426390
5/20/2015,2015,CGOV,YES,PORT HILL,PRTHL,5,YES,W,0,5,10,0,55,10,20,0,0,0,15,5,0,45,15,20,0,0,10,15,5,0,25,40,5,6,36,0,15,5,0,35,25,20,0,0,0,15,5,0,10,35,35,0,0,0,10,0,0,60,10,20,0,0,5,10,10,0,35,35,5,4,9,0,20,5,0,20,25,30,0,0,5,20,0,0,0,65,10,3,23,5,20,0,0,0,30,45,6,33,114,114,118,152,177,132,537285,5426390
7/23/2008,2008,PVLA,YES,RICE CREEK,RCCRK,10,YES,SE,5,15,5,0,15,60,0,3,43,5,5,10,5,10,65,0,1,38,5,15,0,5,5,70,0,1,23,5,20,0,5,5,65,0,2,12,5,10,5,5,10,65,0,1,12,0,10,0,0,75,15,0,0,0,5,15,5,5,5,70,0,2,64,5,65,5,5,5,15,0,2,24,5,30,5,0,5,55,0,1,10,5,10,5,5,10,65,0,2,14,11,14,19,8,17,13,544897,5082099
6/7/2009,2009,PVLA,YES,RICE CREEK,RCCRK,10,YES,SE,20,15,0,30,10,25,0,3,36,10,10,0,0,30,45,5,5,18,5,25,0,0,30,35,5,1,30,15,20,0,10,10,45,0,7,53,0,30,0,0,60,10,0,0,0,5,35,10,0,5,40,5,1,19,10,10,0,0,10,35,35,2,16,5,5,0,0,15,55,20,1,22,5,5,5,20,20,40,5,2,36,0,35,0,0,35,20,10,0,0,38,64,71,68,101,115,544897,5082099
6/8/2010,2010,PVLA,YES,RICE CREEK,RCCRK,10,YES,SE,5,45,0,0,10,40,0,1,19,0,10,30,20,30,10,0,0,0,0,15,10,25,10,40,0,0,0,5,45,10,0,20,20,0,3,10,10,50,5,5,10,10,10,5,23,10,60,0,0,10,20,0,5,17,5,65,0,5,10,15,0,2,8,25,35,0,0,10,30,0,11,31,20,45,0,0,20,15,0,15,23,15,60,5,10,0,10,0,2,106,76,74,72,52,71,68,544897,5082099
6/8/2011,2011,PVLA,YES,RICE CREEK,RCCRK,10,YES,SE,10,50,0,0,0,20,20,12,10,15,15,0,25,20,25,0,8,27,10,15,10,10,10,30,15,5,25,25,40,0,0,10,15,10,7,103,15,15,0,35,0,20,15,10,13,15,60,5,5,5,10,0,8,61,10,35,0,0,15,35,5,5,28,15,60,0,0,10,15,0,9,82,25,35,0,0,10,25,5,12,78,0,45,0,25,0,30,0,0,0,137,120,95,118,97,72,544897,5082099
6/4/2012,2012,PVLA,YES,RICE CREEK,RCCRK,10,YES,SE,0,50,0,0,20,30,0,0,0,0,25,10,10,30,25,0,0,0,5,10,0,15,15,45,10,1,6,0,20,0,0,15,65,0,0,0,0,30,0,10,10,50,0,0,0,0,60,5,0,15,20,0,0,0,0,30,0,10,10,50,0,0,0,0,35,0,15,10,35,5,0,0,0,35,0,0,20,40,5,0,0,0,15,5,30,0,50,0,0,0,12,49,115,70,57,21,544897,5082099
7/12/2013,2013,PVLA,YES,RICE CREEK,RCCRK,0,YES,SE,0,40,0,0,55,5,0,0,0,0,25,0,25,45,5,0,0,0,0,60,5,0,30,5,0,0,0,0,10,5,5,75,5,0,0,0,0,15,0,5,65,15,0,0,0,0,40,0,0,50,10,0,0,0,0,45,0,10,40,5,0,0,0,0,55,0,5,30,10,0,0,0,0,40,0,0,50,10,0,0,0,0,45,0,15,35,5,0,0,0,0,0,0,0,0,0,544897,5082099
5/28/2014,2014,PVLA,YES,RICE CREEK,RCCRK,,YES,S,0,20,0,5,55,15,5,0,0,0,5,5,10,50,30,0,0,0,0,5,0,0,60,25,10,0,0,0,5,5,5,65,15,5,0,0,0,5,5,10,50,20,10,0,0,0,65,0,0,25,5,5,0,0,0,40,0,5,10,40,5,0,0,0,25,0,0,40,25,10,0,0,0,35,0,0,45,20,0,0,0,0,20,5,5,25,40,5,0,0,42,36,48,41,32,39,544897,5082099
5/20/2015,2015,PVLA,YES,RICE CREEK,RCCRK,,YES,,0,10,0,15,60,15,0,0,0,0,5,0,0,60,35,0,0,0,0,5,0,15,65,15,0,0,0,0,5,0,10,65,10,10,0,0,0,5,0,25,55,15,0,0,0,0,35,0,5,45,15,0,0,0,0,20,0,10,20,45,15,0,0,0,10,0,5,15,60,10,0,0,0,15,0,5,40,35,5,0,0,0,40,0,5,15,35,5,0,0,50,60,47,38,45,41,544897,5082099
7/29/2013,2013,PVLA,YES,RICK Brown,RICK,2,YES,NE,5,0,0,0,85,10,0,2,90,15,0,0,0,65,20,0,2,81,5,0,0,0,55,40,0,1,37,0,0,0,0,50,50,0,0,0,0,0,0,0,30,70,0,0,0,0,0,5,0,85,10,0,0,0,30,0,0,0,50,15,0,2,70,40,0,0,0,20,40,0,1,68,0,0,0,0,85,20,0,0,0,0,0,0,0,70,30,0,0,0,0,0,0,0,0,0,720267,4808407
5/29/2014,2014,PVLA,YES,RICK Brown,RICK,3,YES,E,35,15,0,5,40,5,0,12,83,5,10,0,15,60,10,0,4,44,5,10,0,25,55,5,0,3,37,0,20,0,5,30,45,0,0,0,0,25,0,5,65,5,0,0,0,0,15,5,10,65,5,0,0,0,10,10,0,35,15,30,0,0,0,0,15,5,15,55,10,0,0,0,0,5,0,10,25,10,0,0,0,0,20,0,40,60,0,0,0,0,0,0,0,0,0,0,720267,4808407
6/6/2015,2015,PVLA,YES,RICK Brown,RICK,5,YES,NE,20,5,0,0,65,10,0,1,110,5,10,0,0,75,10,0,1,44,5,10,5,0,75,5,0,1,65,0,10,0,0,70,20,0,0,0,0,10,0,0,20,70,0,0,0,5,15,0,0,60,20,0,3,17,10,10,0,0,60,20,0,1,20,15,40,0,0,35,10,0,1,91,0,40,0,0,45,10,5,0,0,0,20,0,0,60,20,0,0,0,3,9,5,6,9,2,720267,4808407
6/6/2009,2009,PVLA,YES,RIGGINS 01,RIGG,3,YES,S,25,60,0,0,0,0,15,2,76,25,40,0,0,5,15,15,4,98,5,40,10,0,5,15,25,1,25,0,20,0,50,0,25,5,0,0,0,10,0,50,10,20,10,0,0,15,15,5,0,0,15,50,3,53,25,10,0,25,0,30,10,4,68,0,15,0,25,0,15,45,0,0,10,10,0,10,10,0,60,1,71,15,0,25,20,0,30,10,3,102,0,0,0,0,0,0,553244,5031330
6/8/2010,2010,PVLA,YES,RIGGINS 01,RIGG,3,YES,S,0,70,0,0,0,30,0,0,0,5,50,0,0,5,30,10,2,31,5,30,15,0,0,50,0,1,59,0,20,0,60,0,20,0,0,0,0,10,20,20,0,25,25,0,0,15,25,0,0,0,30,30,2,76,30,10,15,0,20,25,0,4,99,0,10,0,30,0,15,45,0,0,10,10,15,20,10,20,15,3,74,10,25,20,0,5,25,15,2,49,52,76,45,38,63,41,553244,5031330
6/8/2011,2011,PVLA,YES,RIGGINS 01,RIGG,3,YES,S,0,35,5,30,0,30,0,0,0,0,50,0,0,5,40,5,0,0,0,35,30,0,0,30,5,0,0,0,10,0,35,0,45,10,0,0,0,30,15,15,0,30,10,0,0,5,5,0,0,0,20,70,1,22,20,15,0,10,25,25,5,4,85,0,15,0,15,0,20,50,0,0,0,10,15,20,5,30,20,0,0,5,10,20,25,0,30,10,2,47,18,20,16,11,14,17,553244,5031330
6/3/2012,2012,PVLA,YES,RIGGINS 01,RIGG,3,YES,S,0,35,5,15,5,40,0,0,0,0,30,0,0,10,55,5,0,0,0,40,0,0,5,55,0,0,0,0,15,0,65,0,20,0,0,0,0,15,15,40,5,20,5,0,0,0,10,0,10,0,20,60,0,0,10,10,10,35,10,15,10,3,27,0,15,0,35,0,15,35,0,0,0,20,20,15,10,30,5,0,0,5,10,10,30,0,30,15,1,5,45,19,36,6,13,28,553244,5031330
6/6/2009,2009,PVLA,YES,SALMON RIVER HIGH SCHOOL Upper Field,SALHS,5,YES,E,25,50,0,0,5,5,15,4,79,5,35,0,0,0,45,15,1,11,15,10,0,0,0,65,10,8,58,0,40,0,0,0,50,10,0,0,10,15,0,0,0,50,25,3,46,5,30,0,0,0,50,15,2,68,0,45,0,0,0,40,15,0,0,5,60,0,0,0,25,10,2,41,15,50,0,0,0,30,5,10,96,5,10,0,0,0,65,20,1,15,2,1,0,0,0,0,553148,5029713
6/8/2010,2010,PVLA,YES,SALMON RIVER HIGH SCHOOL Upper Field,SALHS,5,YES,E,20,55,25,0,0,0,0,6,52,5,55,0,20,5,15,0,1,6,25,15,0,30,0,30,0,7,82,5,50,0,0,0,45,0,3,11,15,35,0,25,0,25,0,5,93,25,45,0,0,0,30,0,14,78,20,55,0,0,0,25,0,10,48,25,55,0,0,0,20,0,11,103,20,70,0,0,0,10,0,13,39,20,15,0,0,0,55,10,7,63,0,0,0,0,0,0,553148,5029713
7/17/2013,2013,PVLA,YES,SALMON RIVER HIGH SCHOOL Upper Field,SALHS,5,YES,E,0,65,0,0,25,10,0,0,0,0,30,0,0,25,5,0,0,0,0,15,5,0,70,10,0,0,0,0,10,0,10,75,5,0,0,0,5,10,10,0,75,10,0,1,52,0,40,0,5,55,0,0,0,0,0,25,0,15,60,5,0,0,0,0,15,10,0,75,0,0,0,0,25,5,15,5,45,5,0,1,59,30,10,0,10,45,5,0,3,85,0,0,0,0,0,0,553149,5029712
6/6/2009,2009,PVLA,YES,SALMON RIVER MOTEL,SRMOT,3,YES,N,5,40,0,0,10,45,0,3,28,0,40,0,0,15,35,10,0,0,0,0,0,0,60,10,30,0,0,30,30,0,0,15,25,0,13,72,0,45,0,0,40,15,0,0,0,5,75,0,0,0,15,5,1,35,0,40,0,0,0,50,10,0,0,10,35,10,0,15,20,10,2,89,0,70,0,0,0,30,0,0,0,15,60,0,0,5,20,0,3,76,2,0,0,1,0,1,553040,5029323
6/8/2010,2010,PVLA,YES,SALMON RIVER MOTEL,SRMOT,3,YES,N,0,50,20,10,0,20,0,0,0,5,35,0,0,20,20,20,2,23,0,10,20,10,55,5,0,0,0,30,30,10,0,15,10,5,3,79,0,45,5,0,50,0,0,0,0,5,60,5,0,0,30,0,2,24,0,50,15,0,0,30,5,0,0,15,25,20,0,15,25,0,3,54,0,25,0,30,15,30,0,0,0,5,70,0,0,5,20,0,2,67,3,2,3,4,1,2,553040,5029323
6/8/2011,2011,PVLA,YES,SALMON RIVER MOTEL,SRMOT,3,YES,N,0,40,5,15,5,35,0,0,0,5,25,5,0,20,35,10,1,25,0,15,0,5,70,10,0,9,0,0,45,10,0,5,40,0,0,0,0,40,0,0,20,20,20,0,0,0,30,5,0,0,65,0,0,0,0,35,5,0,0,60,0,0,0,0,40,15,0,15,30,0,0,0,0,20,10,0,10,60,0,0,0,0,35,20,0,0,45,0,0,0,68,60,43,61,55,49,553040,5029323
6/3/2012,2012,PVLA,YES,SALMON RIVER MOTEL,SRMOT,3,YES,N,0,25,0,0,15,60,0,0,0,0,20,15,0,25,40,0,0,0,0,10,0,5,70,15,0,0,0,0,30,0,0,20,50,0,0,0,0,10,0,5,15,60,10,0,0,0,25,0,0,10,65,0,0,0,0,35,0,0,0,65,0,0,0,0,15,0,0,15,70,0,0,0,0,15,0,10,10,65,0,0,0,0,35,0,0,10,55,0,0,0,12,2,0,0,0,0,553040,5029323
6/5/2009,2009,PVLA,YES,SLATE CREEK,SLCRK,5,YES,S,30,10,0,0,15,45,0,6,80,0,15,0,0,60,25,0,0,0,0,10,0,0,75,15,0,1,6,0,30,0,0,25,25,20,1,24,10,5,0,0,35,30,20,3,48,0,20,10,0,15,35,20,0,0,5,0,80,0,0,10,5,3,17,15,20,0,0,10,45,10,7,12,5,60,0,0,0,35,0,3,10,15,50,0,0,0,35,0,6,16,256,317,304,251,263,287,556413,5053572
6/8/2010,2010,PVLA,YES,SLATE CREEK,SLCRK,5,YES,S,5,40,10,5,10,30,0,3,25,0,30,5,0,40,25,0,0,0,10,10,5,0,55,10,10,3,13,15,15,0,5,10,30,25,4,32,10,25,5,5,35,15,5,4,17,5,20,0,0,65,5,5,1,7,5,0,85,0,0,10,0,1,29,10,30,0,0,15,40,5,3,23,0,50,0,0,0,50,0,0,0,10,70,0,0,0,20,0,2,26,99,108,85,102,97,89,556413,5053572
6/8/2011,2011,PVLA,YES,SLATE CREEK,SLCRK,5,YES,S,0,30,0,20,20,25,5,0,0,0,35,10,0,15,25,15,0,0,0,20,15,0,15,25,25,0,0,5,30,5,0,0,30,30,1,7,0,30,0,20,15,25,10,0,0,5,25,0,0,40,20,10,1,6,0,0,80,0,0,20,0,0,0,5,50,5,0,20,20,0,1,10,0,70,0,0,0,20,10,0,0,0,70,0,0,0,30,0,0,0,71,68,89,139,103,161,556413,5053572
6/3/2012,2012,PVLA,YES,SLATE CREEK,SLCRK,5,YES,S,5,30,0,0,10,45,10,0,0,0,20,0,0,25,40,15,0,0,0,15,5,0,40,20,20,0,0,0,20,0,15,20,35,10,0,0,0,10,0,0,15,75,0,0,0,0,10,0,0,40,40,10,0,0,0,0,80,0,10,10,0,0,0,0,40,0,0,20,30,10,0,0,0,70,0,0,0,25,5,0,0,0,80,0,0,0,20,0,0,0,23,25,56,66,48,39,556413,5053572
7/17/2013,2013,PVLA,YES,SLATE CREEK,SLCRK,0.01,YES,S,0,50,10,0,35,5,0,0,0,0,10,15,0,70,5,0,0,0,0,10,0,0,85,5,0,0,0,0,35,0,0,55,10,0,0,0,0,20,10,0,65,5,0,0,0,0,5,15,0,75,5,0,0,0,0,5,15,10,60,10,0,0,0,0,15,25,0,55,5,0,0,0,5,80,5,0,0,10,0,1,22,0,75,5,10,5,5,0,0,0,0,0,0,0,0,0,556413,5053572
6/14/2010,2010,PVLA,YES,SLAUGHTERHOOUSE,SLAUGHT,2,YES,W,0,0,0,60,40,0,0,0,0,50,0,0,0,50,0,0,8,58,30,0,0,50,10,10,0,6,34,0,30,50,10,0,10,0,0,0,30,20,20,0,0,30,0,6,49,30,20,20,0,0,30,0,2,35,0,20,70,0,10,0,0,0,0,10,0,0,0,50,40,0,2,32,0,0,10,5,55,30,0,0,0,0,0,0,100,0,0,0,0,0,18,16,19,12,13,17,722712,4817215
6/13/2011,2011,BLM,YES,SLAUGHTERHOOUSE,SLAUGHT,1,YES,W,0,0,5,25,10,60,0,0,0,0,0,20,5,40,35,0,0,0,20,0,20,20,25,15,0,12,36,5,0,40,10,40,5,0,2,23,5,0,40,10,30,15,0,1,18,0,0,20,10,50,20,0,0,0,10,0,10,20,20,40,0,3,23,40,0,20,0,20,20,0,26,51,0,0,15,10,20,55,0,0,0,0,0,20,30,30,20,0,0,0,9,7,7,14,10,6,722708,4817205
6/14/2012,2012,CGOV,YES,SLAUGHTERHOOUSE,SLAUGHT,3,YES,W,0,5,5,30,10,50,0,0,0,5,10,15,5,30,5,0,4,11,15,10,15,20,10,30,0,6,41,5,5,30,15,10,35,0,1,22,30,10,20,5,20,15,0,15,23,5,10,10,30,30,15,0,5,13,5,10,10,20,30,25,0,1,10,15,0,10,10,30,35,0,6,37,0,5,20,15,40,20,0,0,0,0,10,20,20,30,20,0,0,0,27,41,33,56,31,35,722711,4817201
5/21/2013,2013,BLM,YES,SLAUGHTERHOOUSE,SLAUGHT,1,YES,S,0,5,10,25,5,55,0,0,0,0,5,5,5,45,40,0,0,0,5,5,10,20,10,50,0,3,19,0,5,55,20,5,15,0,0,0,15,5,20,5,15,45,0,22,19,0,10,30,5,20,35,0,0,0,0,10,25,15,5,45,0,0,0,5,5,0,0,55,35,0,5,23,0,5,15,15,5,60,0,0,0,0,5,10,10,45,30,0,0,0,24,13,25,17,18,28,722706,4817205
5/29/2014,2014,CGOV,YES,SLAUGHTERHOOUSE,SLAUGHT,2,YES,W,0,0,0,40,35,25,0,0,0,0,20,5,45,25,5,0,0,0,5,5,5,25,10,50,0,3,12,0,5,40,15,10,30,0,0,0,35,0,5,25,15,0,0,22,41,0,5,5,45,15,30,0,0,0,0,5,15,65,5,10,0,0,0,5,5,10,15,45,20,0,1,42,0,5,15,50,5,25,0,0,0,0,0,0,20,70,10,0,0,0,18,15,35,33,24,26,722706,4817205
5/27/2015,2015,CGOV,YES,SLAUGHTERHOOUSE,SLAUGHT,3,YES,SW,0,0,5,10,80,5,0,0,0,0,5,5,20,50,20,0,0,0,5,5,5,65,15,5,0,10,47,0,5,15,15,50,15,0,0,0,45,0,0,5,10,40,0,18,75,5,5,5,10,40,35,0,1,44,0,0,10,80,0,10,0,0,0,5,0,15,5,65,10,0,2,71,0,0,45,50,0,5,0,0,0,0,0,5,5,80,10,0,0,0,7,13,11,4,12,14,722706,4817205
5/31/2007,2007,BLM,YES,SNAKE RIVER BREAKS,SNRVBK,15,YES,W,5,0,0,0,30,65,0,3,80,5,0,0,0,35,60,0,3,105,0,0,0,0,30,70,0,0,0,5,5,25,0,10,65,0,1,80,5,0,5,0,80,10,0,1,45,5,0,85,0,5,5,0,2,100,5,0,5,0,75,15,0,2,85,40,0,0,0,10,50,0,12,95,5,0,0,0,10,85,0,1,75,5,0,0,0,65,30,0,2,110,6,9,3,14,0,0,482332,4917117
6/12/2008,2008,BLM,YES,SNAKE RIVER BREAKS,SNRVBK,50,YES,NE,0,10,0,0,30,60,0,0,0,5,5,0,5,5,80,0,2,55,5,5,0,0,10,80,0,2,76,0,10,0,0,75,15,0,0,0,5,10,0,0,30,55,0,2,42,20,5,0,0,25,50,0,8,68,15,15,0,0,15,55,0,7,78,5,5,5,0,70,15,0,1,49,10,15,0,0,25,50,0,3,42,10,10,0,0,15,65,0,6,54,30,17,12,26,16,14,482336,4917116
6/22/2009,2009,BLM,YES,SNAKE RIVER BREAKS,SNRVBK,100,YES,E,0,5,20,0,20,55,0,0,0,5,10,5,0,5,75,0,1,6,0,15,0,0,10,75,0,0,0,0,5,0,0,75,20,0,0,0,0,10,5,0,35,50,0,0,0,0,20,5,0,25,50,0,0,0,0,5,30,0,10,60,0,0,0,0,10,0,0,70,20,0,0,0,5,5,0,0,65,25,0,4,47,10,5,0,0,10,75,0,2,28,36,16,9,37,43,40,482330,4917118
6/14/2010,2010,BLM,YES,SNAKE RIVER BREAKS,SNRVBK,10,YES,E,0,5,5,0,20,70,0,0,0,0,15,5,0,5,80,0,0,0,0,20,5,0,5,70,0,0,0,0,15,5,0,55,25,0,0,0,0,15,5,0,20,60,0,0,0,0,10,0,0,25,65,0,0,0,0,20,5,0,10,65,0,0,0,0,15,5,0,65,15,0,0,0,0,20,0,0,15,65,0,0,0,0,20,5,0,5,70,0,0,0,0,0,0,0,0,0,482331,4917121
6/9/2011,2011,BLM,YES,SNAKE RIVER BREAKS,SNRVBK,1,YES,E,0,30,5,0,10,55,0,0,0,0,70,5,0,15,10,0,0,0,0,50,10,0,0,40,0,0,0,0,20,0,0,40,40,0,0,0,0,10,20,5,35,30,0,0,0,0,20,0,0,45,35,0,0,0,0,45,0,0,10,45,0,0,0,0,20,25,0,30,25,0,0,0,0,40,0,0,15,45,0,0,0,0,20,0,0,5,75,0,0,0,0,0,6,5,0,1,482333,4917118
6/11/2012,2012,BLM,YES,SNAKE RIVER BREAKS,SNRVBK,0,YES,NE,0,30,0,0,30,40,0,0,0,0,5,20,10,30,35,0,0,0,0,20,0,0,40,40,0,0,0,0,35,5,0,10,50,0,0,0,0,20,5,0,55,20,0,0,0,0,75,0,0,5,20,0,0,0,0,35,10,0,0,55,0,0,0,0,15,0,10,25,50,0,0,0,0,55,0,0,30,20,0,0,0,0,10,0,0,70,20,0,0,0,0,0,0,0,0,0,482338,4917115
5/17/2013,2013,BLM,YES,SNAKE RIVER BREAKS,SNRVBK,1,YES,NE,0,35,0,0,35,30,0,0,0,0,5,5,5,35,40,10,0,0,0,55,5,0,25,15,0,0,0,0,60,5,0,10,25,0,0,0,0,25,5,0,50,20,0,0,0,0,75,0,0,10,15,0,0,0,0,35,10,0,5,50,0,0,0,0,10,10,0,15,65,0,0,0,0,10,0,0,70,20,0,0,0,0,15,5,0,30,50,0,0,0,2,4,4,1,2,1,482434,4917193
6/6/2014,2014,BLM,YES,SNAKE RIVER BREAKS,SNRVBK,2,YES,NE,0,20,10,0,40,30,0,0,0,0,10,5,10,35,40,0,0,0,0,15,5,0,30,50,0,0,0,0,30,5,0,15,50,0,0,0,0,10,10,0,45,35,0,0,0,0,20,5,0,10,65,0,0,0,0,25,20,0,0,55,0,0,0,0,10,25,0,30,35,0,0,0,0,30,5,0,25,40,0,0,0,0,25,15,0,20,40,0,0,0,3,0,0,0,0,0,482434,4917193
5/14/2015,2015,BLM,YES,SNAKE RIVER BREAKS,SNRVBK,0.100000001,YES,E,0,10,5,0,0,85,0,0,0,0,10,0,10,25,55,10,0,0,0,15,0,0,35,45,5,0,0,0,15,0,0,15,70,0,0,0,0,10,0,0,60,30,0,0,0,0,15,5,0,20,60,0,0,0,0,10,5,0,5,80,0,0,0,0,10,5,0,25,60,0,0,0,0,15,5,0,45,35,0,0,0,0,10,10,0,25,55,0,0,0,0,0,0,0,0,0,482434,4917193
5/16/2007,2007,DOT,YES,SPALDING RR,SPALD,1,YES,NW,0,10,5,5,75,5,0,0,0,10,30,5,0,40,15,0,2,95,0,25,0,5,30,40,0,0,0,15,10,0,5,60,5,0,8,70,10,10,0,0,75,5,0,6,95,0,40,0,0,30,30,0,0,0,5,70,0,0,10,15,0,1,30,5,65,5,0,15,10,0,1,40,30,5,0,0,15,50,0,17,85,5,85,5,0,5,0,0,2,20,12,10,9,15,0,0,512733,5143508
6/6/2009,2009,PVLA,YES,SQUAW CREEK 01,SQUAW,5,YES,SE,5,5,40,0,25,15,10,1,19,5,30,10,0,45,10,0,1,26,15,45,0,0,20,20,0,2,51,25,20,35,0,10,10,0,3,87,15,40,5,0,20,20,0,3,74,10,5,10,0,50,25,0,2,63,5,35,5,0,10,45,0,1,21,5,30,50,0,5,10,0,2,20,50,20,10,0,0,20,0,9,89,5,40,25,5,0,25,0,1,27,0,0,0,0,0,0,551204,5028529
6/8/2010,2010,PVLA,YES,SQUAW CREEK 01,SQUAW,5,YES,SE,0,80,10,0,0,10,0,0,0,5,60,0,0,25,10,0,1,55,15,15,0,0,10,60,0,3,46,5,80,0,0,0,15,0,1,121,15,30,10,0,25,20,0,4,75,10,20,15,0,15,40,0,1,109,5,20,5,0,35,35,0,1,21,0,10,80,0,0,10,0,0,0,40,50,0,0,0,10,0,9,83,10,60,15,0,0,15,0,2,49,0,0,0,0,0,0,551204,5028529
6/8/2011,2011,PVLA,YES,SQUAW CREEK 01,SQUAW,5,YES,SE,0,40,20,0,0,35,5,0,0,0,35,0,0,30,30,5,0,0,0,70,0,0,20,10,0,0,0,0,65,15,0,0,20,0,0,0,10,35,10,0,10,35,0,3,42,5,25,20,0,20,25,5,2,53,15,30,5,0,20,20,10,5,28,0,10,60,0,0,30,0,0,0,0,90,0,0,0,10,0,0,0,0,80,10,0,0,10,0,0,0,10,18,16,25,15,19,551204,5028529
6/3/2012,2012,PVLA,YES,SQUAW CREEK 01,SQUAW,5,YES,SE,0,20,30,0,0,50,0,0,0,0,45,0,0,25,30,0,0,0,0,10,0,0,10,80,0,0,0,0,30,15,0,5,50,0,0,0,5,30,0,0,5,60,0,1,14,5,10,15,0,15,55,0,1,12,5,15,5,0,15,60,0,2,9,0,15,75,0,0,10,0,0,0,0,85,0,0,0,15,0,0,0,0,40,5,0,5,50,0,0,0,20,30,27,37,51,129,551204,5028529
7/17/2013,2013,PVLA,YES,SQUAW CREEK 01,SQUAW,0,YES,SE,0,60,10,0,15,15,0,0,0,0,45,0,10,35,10,0,0,0,0,20,0,0,75,5,0,0,0,0,15,0,0,80,5,0,0,0,0,5,0,0,90,5,0,0,0,0,50,45,0,5,0,0,0,0,0,90,0,0,10,0,0,0,0,0,85,0,0,15,0,0,0,0,0,70,0,30,0,0,0,0,0,0,85,0,0,15,0,0,0,0,0,0,0,0,0,0,551204,5028529
7/18/2011,2011,CGOV,YES,STANTON,STANT,1,YES,SW,5,0,5,0,30,60,0,2,65,5,0,5,0,30,60,0,1,52,5,0,10,0,40,45,0,4,60,0,0,5,0,70,25,0,0,0,5,0,5,0,50,40,0,4,55,5,0,15,0,40,40,0,5,64,5,0,0,0,60,35,0,7,31,5,0,0,0,30,65,0,4,51,5,0,0,0,40,55,0,2,53,0,0,0,0,70,30,0,0,0,0,0,0,0,0,0,717462,4800933
6/14/2012,2012,CGOV,YES,STANTON,STANT,1,YES,SW,5,0,10,0,10,75,0,4,19,5,0,0,0,30,65,0,2,37,5,0,0,5,60,30,0,3,28,5,0,0,5,80,10,0,3,28,5,0,5,5,80,10,0,4,25,5,0,0,60,30,0,0,6,17,5,0,0,5,30,60,0,7,16,5,0,0,5,30,60,0,1,16,0,0,0,0,80,20,0,0,0,5,0,0,0,75,20,0,4,22,21,9,18,20,19,8,717457,4800927
6/18/2013,2013,PVLA,YES,STANTON,STANT,1,YES,S,5,0,15,0,0,80,0,1,13,0,0,5,10,0,85,0,0,0,0,5,0,0,5,90,0,0,0,0,5,0,0,5,90,0,0,0,0,5,5,0,10,80,0,0,0,5,0,0,0,5,90,0,1,10,5,0,0,5,20,70,0,2,7,0,10,0,0,5,85,0,0,0,0,0,0,0,90,10,0,0,0,5,0,0,0,0,95,0,1,7,24,30,22,12,10,18,717456,4800932
6/3/2014,2014,CGOV,YES,STANTON,STANT,1,YES,SW,5,0,15,5,40,35,0,2,40,0,5,5,0,50,40,0,0,0,0,0,0,15,80,5,0,0,0,0,0,0,10,85,5,0,0,0,5,0,0,10,80,5,0,1,41,0,5,0,15,75,5,0,0,0,0,5,0,10,75,10,0,0,0,0,5,0,5,80,10,0,0,0,0,5,0,5,75,5,0,0,0,5,5,0,5,75,10,0,1,24,5,10,12,13,9,4,717456,4800932
5/28/2015,2015,CGOV,YES,STANTON,STANT,1,YES,S,0,0,5,0,90,5,0,0,0,0,5,0,5,85,5,0,0,0,0,0,0,5,90,5,0,0,0,5,0,0,5,85,5,0,2,16,5,0,0,5,85,5,0,1,2,5,0,0,5,85,5,0,4,5,0,0,0,5,95,0,0,0,0,5,0,0,5,85,5,0,2,8,0,0,0,5,95,0, ,0,0,5,0,0,5,90,0,0,2,5,3,5,5,4,2,3,717456,4800932
6/6/2009,2009,PVLA,YES,STEELHEAD INN,STLHDIN,2,YES,E,25,10,0,0,45,20,0,5,97,25,5,0,25,35,10,0,5,83,15,10,0,15,35,25,0,3,45,0,15,0,0,65,20,0,0,0,0,5,0,0,80,15,0,0,0,0,20,10,0,55,15,0,0,0,30,15,0,0,45,10,0,5,95,25,15,0,0,55,5,0,4,30,10,10,0,0,70,10,0,1,23,10,5,0,0,75,10,0,1,17,1,1,0,0,1,0,556860,5049846
6/8/2010,2010,PVLA,YES,STEELHEAD INN,STLHDIN,2,YES,E,15,15,0,0,45,25,0,4,41,20,10,0,25,30,15,0,2,78,15,10,0,15,35,25,0,4,29,0,10,0,0,70,20,0,0,0,0,15,0,0,75,10,0,0,0,0,25,15,0,45,15,0,1,11,20,20,0,0,50,10,0,2,102,20,15,0,0,55,10,0,5,36,10,15,0,0,65,10,0,1,10,10,10,0,0,65,15,0,0,0,77,27,33,21,13,6,556860,5049846
6/8/2011,2011,PVLA,YES,STEELHEAD INN,STLHDIN,2,YES,E,10,60,5,5,10,10,0,4,32,0,45,0,0,40,15,0,0,0,0,25,5,0,50,15,5,0,0,10,25,0,10,15,20,20,3,39,0,20,15,10,30,15,10,0,0,0,40,10,0,40,5,5,0,0,0,5,80,0,10,5,0,0,0,20,25,10,0,10,20,15,6,53,0,65,0,0,0,30,5,0,0,5,80,5,0,0,5,0,1,36,101,89,53,0,0,0,556860,5049846
6/3/2012,2012,PVLA,YES,STEELHEAD INN,STLHDIN,2,YES,E,0,45,10,0,30,15,0,0,0,0,35,0,0,40,25,0,0,0,0,25,15,0,45,10,5,0,0,0,30,0,20,20,20,10,0,0,15,25,5,5,30,15,5,3,41,10,35,10,0,30,10,5,2,47,0,10,60,0,15,15,0,0,0,15,20,5,0,20,25,15,5,51,0,60,0,5,10,20,5,0,0,5,70,10,0,0,15,0,1,29,179,165,179,84,93,181,556860,5049846
5/22/2007,2007,PVLA,YES,TEN AX,TENAX,30,YES,E,20,0,5,5,5,65,0,14,30,10,0,0,30,0,60,0,11,20,10,0,0,30,5,55,0,15,15,10,0,0,15,15,60,0,8,20,10,0,5,5,65,15,0,5,15,10,0,10,15,0,65,0,11,20,5,0,0,35,5,55,0,8,20,5,0,0,30,10,55,0,5,15,5,0,0,30,10,55,0,12,25,15,0,5,20,5,55,0,10,40,3,5,5,3,0,0,628641,4885868
6/18/2008,2008,PVLA,YES,TEN AX,TENAX,3,YES,NE,5,0,5,5,20,65,0,8,27,5,0,0,50,5,45,0,4,20,5,0,5,30,15,45,0,4,24,10,0,15,15,10,50,0,8,32,5,0,25,5,50,15,0,1,20,5,0,30,20,20,25,0,4,45,5,0,5,40,5,45,0,6,52,5,0,0,40,10,45,0,4,11,0,0,5,35,30,30,0,0,0,10,0,5,30,5,50,0,11,33,13,8,16,14,8,17,628641,4885872
6/3/2009,2009,PVLA,YES,TEN AX,TENAX,15,YES,E,5,0,5,5,40,45,0,5,17,5,0,5,10,10,70,0,6,12,5,0,5,10,20,50,0,3,16,5,0,5,5,50,35,0,8,25,0,0,10,5,80,5,0,0,0,0,0,15,5,25,45,0,0,0,5,0,5,10,5,75,0,10,21,5,0,5,20,10,60,0,5,15,0,0,0,20,50,20,0,0,0,5,0,5,30,15,45,0,7,20,29,28,26,26,17,46,628641,4885871
6/23/2010,2010,PVLA,YES,TEN AX,TENAX,0,YES,E,5,0,10,15,45,25,0,1,16,5,0,15,20,10,40,0,1,11,5,0,5,25,20,45,0,1,14,5,0,5,30,30,30,0,5,28,0,0,25,10,45,20,0,0,0,0,0,50,10,10,30,0,0,0,5,0,15,15,5,60,0,2,21,5,0,5,45,10,35,0,3,12,0,0,15,65,5,15,0,0,0,0,0,15,20,10,55,0,0,0,2,1,2,10,5,1,628644,4885866
6/30/2011,2011,PVLA,YES,TEN AX,TENAX,0,YES,N,0,0,10,35,0,55,0,0,0,0,0,5,20,0,75,0,0,0,0,0,5,20,0,75,0,0,0,0,0,10,10,40,40,0,0,0,0,0,10,20,25,40,0,0,0,0,0,10,40,5,45,0,0,0,0,0,10,20,0,70,0,0,0,0,0,5,40,0,55,0,0,0,0,0,5,60,0,35,0,0,0,0,0,5,35,0,60,0,0,0,2,0,0,0,0,0,628644,4885871
6/8/2012,2012,PVLA,YES,TEN AX,TENAX,1,YES,N,0,0,15,15,10,60,0,0,0,0,0,15,25,0,60,0,0,0,0,0,10,25,5,60,0,0,0,0,0,15,5,50,25,5,0,0,0,0,25,20,20,30,5,0,0,0,0,15,30,5,45,5,0,0,0,0,15,25,0,55,5,0,0,0,0,5,35,0,55,5,0,0,0,0,5,45,0,45,5,0,0,0,0,5,45,0,50,0,0,0,0,0,0,0,0,0,628644,4885872
5/30/2013,2013,PVLA,YES,TEN AX,TENAX,0,YES,E,0,0,5,15,5,65,10,0,0,0,0,5,10,0,80,5,0,0,0,10,5,10,0,70,5,0,0,0,5,10,5,50,25,5,0,0,0,5,5,10,40,30,10,0,0,0,0,15,10,5,65,5,0,0,0,0,10,10,10,60,10,0,0,0,0,5,10,5,70,10,0,0,0,0,5,15,5,70,5,0,0,0,0,5,10,0,80,5,0,0,0,0,0,0,0,0,628646,4885863
6/3/2014,2014,PVLA,YES,TEN AX,TENAX,0,YES,N,0,0,10,10,5,65,10,0,0,0,0,10,10,0,80,0,0,0,0,0,10,10,5,70,5,0,0,0,0,10,5,55,30,0,0,0,0,0,15,15,25,45,0,0,0,0,0,15,15,5,65,0,0,0,0,0,10,10,5,65,10,0,0,0,0,5,20,5,70,0,0,0,0,0,5,25,10,65,5,0,0,0,0,10,10,0,80,0,0,0,0,0,0,0,0,0,628646,4885863
6/8/2015,2015,PVLA,YES,TEN AX,TENAX,1,YES,N,0,0,5,15,15,55,10,0,0,0,0,5,10,0,80,5,0,0,0,0,10,15,5,55,15,0,0,0,0,10,5,25,40,20,0,0,0,0,15,15,25,35,10,0,0,0,0,20,15,10,50,5,0,0,0,0,20,15,15,40,10,0,0,0,0,5,15,5,70,5,0,0,0,0,15,15,10,45,15,0,0,0,0,10,15,5,70,0,0,0,6,0,0,0,0,0,628646,4885863
5/29/2007,2007,PVLA,YES,WHITEBIRD,WHTBRD,0,YES,SW,0,30,0,0,15,55,0,0,0,5,30,0,0,30,35,0,2,74,20,20,0,0,15,45,0,11,80,30,25,0,0,45,0,0,15,69,10,25,10,0,20,35,0,2,24,0,75,15,0,0,10,0,0,0,10,30,0,0,10,50,0,2,34,0,30,15,0,0,55,0,0,0,10,40,5,0,0,45,0,2,60,0,65,0,0,5,30,0,0,0,8,18,21,13,0,0,554301,5068347
5/30/2008,2008,PVLA,YES,WHITEBIRD,WHTBRD,10,YES,SE,0,30,0,0,0,20,50,0,0,0,30,0,0,10,10,50,0,0,0,25,0,5,5,15,50,0,0,0,35,0,0,0,35,30,0,0,0,50,0,0,10,10,30,0,0,0,90,0,0,0,5,5,0,0,0,40,0,0,0,10,50,0,0,0,25,5,0,5,40,25,0,0,0,55,5,0,10,15,15,0,0,0,35,0,0,10,35,20,0,0,134,143,119,141,111,186,554301,5068347
6/6/2009,2009,PVLA,YES,WHITEBIRD,WHTBRD,0.5,YES,S,0,35,0,0,0,30,35,0,0,0,25,0,0,5,35,35,0,0,0,30,0,0,0,20,50,0,0,0,25,0,0,0,45,30,0,0,0,15,0,0,15,10,60,0,0,0,35,0,0,0,55,10,0,0,0,45,0,0,0,15,40,0,0,0,25,0,0,0,30,45,0,0,0,15,0,0,0,25,60,0,0,0,15,0,0,10,35,40,0,0,256,80,103,207,189,217,554301,5068347
6/7/2010,2010,PVLA,YES,WHITEBIRD,WHTBRD,0.5,YES,S,0,40,0,0,0,30,30,0,0,0,30,0,0,5,35,30,0,0,0,30,0,0,0,30,40,0,0,0,20,0,0,0,50,30,0,0,0,20,0,0,5,15,60,0,0,0,35,5,0,0,50,10,0,0,0,60,0,0,0,15,25,0,0,0,35,0,0,0,35,30,0,0,0,30,0,0,0,25,45,0,0,0,20,0,0,5,40,35,0,0,130,61,89,121,78,103,554301,5068347
5/20/2015,2015,STAT,YES,WHITEBIRD,WHTBRD,0.5,,,10,5,0,5,10,25,45,6,31,10,25,0,0,10,15,40,3,18,5,10,0,0,5,15,75,2,31,5,15,0,0,15,15,50,3,21,5,5,0,10,5,15,60,2,9,15,15,0,10,10,25,25,9,25,0,20,0,0,5,25,50,0,0,5,5,0,10,70,0,10,1,10,0,20,0,0,10,20,50,0,0,10,10,0,10,10,25,35,4,17,85,85,0,0,0,0,554301,5068347
6/30/2009,2009,BLM,YES,WILDHORSE END,WLDHREND,20,YES,S,0,5,5,0,40,50,0,0,0,0,15,5,0,15,65,0,0,0,0,35,5,0,15,45,0,0,0,0,10,5,0,30,55,0,0,0,0,5,5,0,45,45,0,0,0,0,5,0,0,70,25,0,0,0,0,5,5,0,75,15,0,0,0,0,5,5,0,75,15,0,0,0,0,5,20,0,30,45,0,0,0,0,5,5,0,70,20,0,0,0,1,0,0,0,0,3,513093,4966445
7/20/2010,2010,PVLA,YES,WILDHORSE END,WLDHREND,0,YES,SW,0,65,0,0,10,25,0,0,0,0,55,0,0,30,15,0,0,0,0,45,0,0,30,25,0,0,0,0,60,0,0,25,15,0,0,0,0,50,0,0,10,40,0,0,0,0,25,5,0,10,60,0,0,0,0,50,0,0,30,20,0,0,0,0,20,10,0,15,55,0,0,0,0,40,5,0,15,40,0,0,0,0,75,0,0,5,20,0,0,0,0,0,0,0,0,0,513103,4966439
6/19/2007,2007,BLM,YES,WILDHORSE END,WLDHREND,20,YES,S,0,5,0,0,85,10,0,0,0,0,10,5,0,70,15,0,0,0,0,5,5,0,65,25,0,0,0,0,5,5,0,45,40,0,0,0,0,5,0,0,70,25,0,0,0,5,5,5,0,65,20,0,5,30,5,0,0,0,85,10,0,12,25,5,5,0,0,65,25,0,3,40,5,5,0,0,40,50,0,3,10,5,0,5,0,85,5,0,2,10,0,0,0,0,0,0,513137,4966420
6/30/2009,2009,BLM,YES,WILDHORSE RIVER,WLDHRRV,5,YES,S,5,0,0,0,90,5,0,6,12,5,0,0,0,90,5,0,3,7,0,0,0,0,95,5,0,0,0,0,5,0,0,90,5,0,0,0,5,5,5,0,75,5,5,1,9,5,0,0,0,80,10,5,3,15,0,0,0,0,45,45,10,0,0,5,0,5,0,60,20,10,11,10,5,0,0,0,50,20,25,6,14,5,0,0,0,75,10,10,10,8,1,1,0,0,0,0,514963,4967853
6/19/2007,2007,PVLA,YES,WILDHORSE RIVER,WLDHRRV,20,YES,S,5,0,0,0,90,5,0,1,20,5,0,0,0,80,15,0,6,40,5,0,0,0,90,5,0,2,30,5,0,0,0,75,20,0,3,50,5,0,0,0,90,5,0,4,30,5,0,0,0,85,10,0,4,40,5,5,0,0,85,5,0,1,10,5,0,0,0,90,5,0,1,10,5,0,0,0,90,5,0,1,15,5,0,0,0,90,5,0,5,10,1,1,4,2,0,0,514961,4967853
